date,value,weekday,working_day
2014-01-01,3315035.0,2,0
2014-01-02,4059590.0,3,1
2014-01-03,4098986.0,4,1
2014-01-04,3867911.0,5,1
2014-01-05,3648038.0,6,1
2014-01-06,3442398.0,0,0
2014-01-07,4299725.0,1,1
2014-01-08,4402576.0,2,1
2014-01-09,4447836.0,3,1
2014-01-10,4442086.0,4,1
2014-01-11,4010984.0,5,1
2014-01-12,3740962.0,6,1
2014-01-13,4485567.0,0,1
2014-01-14,4584259.0,1,1
2014-01-15,4548468.0,2,1
2014-01-16,4549115.0,3,1
2014-01-17,4521265.0,4,1
2014-01-18,4080297.0,5,1
2014-01-19,3811231.0,6,1
2014-01-20,4560067.0,0,1
2014-01-21,4699045.0,1,1
2014-01-22,4674066.0,2,1
2014-01-23,4601775.0,3,1
2014-01-24,4571282.0,4,1
2014-01-25,4034225.0,5,1
2014-01-26,3690184.0,6,1
2014-01-27,4416503.0,0,1
2014-01-28,4643258.0,1,1
2014-01-29,4609811.0,2,1
2014-01-30,4621804.0,3,1
2014-01-31,4578641.0,4,1
2014-02-01,4105022.0,5,1
2014-02-02,3786945.0,6,1
2014-02-03,4653619.0,0,1
2014-02-04,4734916.0,1,1
2014-02-05,4657366.0,2,1
2014-02-06,4549008.0,3,1
2014-02-07,4518948.0,4,1
2014-02-08,4073421.0,5,1
2014-02-09,3800315.0,6,1
2014-02-10,4511513.0,0,1
2014-02-11,4752804.0,1,1
2014-02-12,4687747.0,2,1
2014-02-13,4541862.0,3,1
2014-02-14,4400761.0,4,1
2014-02-15,3961110.0,5,1
2014-02-16,3708226.0,6,1
2014-02-17,4446137.0,0,1
2014-02-18,4540972.0,1,1
2014-02-19,4473137.0,2,1
2014-02-20,4462116.0,3,1
2014-02-21,4418498.0,4,1
2014-02-22,3954322.0,5,1
2014-02-23,3650877.0,6,1
2014-02-24,4411221.0,0,1
2014-02-25,4521561.0,1,1
2014-02-26,4484611.0,2,1
2014-02-27,4488402.0,3,1
2014-02-28,4393001.0,4,1
2014-03-01,4058273.0,5,1
2014-03-02,3622174.0,6,1
2014-03-03,4335839.0,0,1
2014-03-04,4485233.0,1,1
2014-03-05,4383097.0,2,1
2014-03-06,4300864.0,3,1
2014-03-07,4247044.0,4,1
2014-03-08,3757488.0,5,1
2014-03-09,3449969.0,6,1
2014-03-10,4147556.0,0,1
2014-03-11,4238624.0,1,1
2014-03-12,4239528.0,2,1
2014-03-13,4229423.0,3,1
2014-03-14,4235258.0,4,1
2014-03-15,3760377.0,5,1
2014-03-16,3402561.0,6,1
2014-03-17,4004387.0,0,1
2014-03-18,4078188.0,1,1
2014-03-19,3952064.0,2,1
2014-03-20,4008081.0,3,1
2014-03-21,4034647.0,4,1
2014-03-22,3663843.0,5,1
2014-03-23,3414354.0,6,1
2014-03-24,4167742.0,0,1
2014-03-25,4301669.0,1,1
2014-03-26,4342449.0,2,1
2014-03-27,4189442.0,3,1
2014-03-28,4257135.0,4,1
2014-03-29,3887007.0,5,1
2014-03-30,3387774.0,6,1
2014-03-31,4142656.0,0,1
2014-04-01,4193562.0,1,1
2014-04-02,4226833.0,2,1
2014-04-03,4227452.0,3,1
2014-04-04,4175149.0,4,1
2014-04-05,3702698.0,5,1
2014-04-06,3340909.0,6,1
2014-04-07,3930104.0,0,1
2014-04-08,3990583.0,1,1
2014-04-09,4004157.0,2,1
2014-04-10,3953651.0,3,1
2014-04-11,3984392.0,4,1
2014-04-12,3581024.0,5,1
2014-04-13,3234148.0,6,1
2014-04-14,3805318.0,0,1
2014-04-15,3865555.0,1,1
2014-04-16,3807132.0,2,1
2014-04-17,3365671.0,3,0
2014-04-18,3056935.0,4,0
2014-04-19,3212573.0,5,1
2014-04-20,3052328.0,6,1
2014-04-21,3378984.0,0,1
2014-04-22,3793958.0,1,1
2014-04-23,3787972.0,2,1
2014-04-24,3919721.0,3,1
2014-04-25,3955401.0,4,1
2014-04-26,3600799.0,5,1
2014-04-27,3239089.0,6,1
2014-04-28,3823535.0,0,1
2014-04-29,3917400.0,1,1
2014-04-30,3930210.0,2,1
2014-05-01,3233103.0,3,0
2014-05-02,3492165.0,4,1
2014-05-03,3406516.0,5,1
2014-05-04,3168494.0,6,1
2014-05-05,3820357.0,0,1
2014-05-06,3936280.0,1,1
2014-05-07,3970870.0,2,1
2014-05-08,3975589.0,3,1
2014-05-09,3960450.0,4,1
2014-05-10,3585056.0,5,1
2014-05-11,3310572.0,6,1
2014-05-12,3919757.0,0,1
2014-05-13,4013908.0,1,1
2014-05-14,4015583.0,2,1
2014-05-15,3911724.0,3,1
2014-05-16,3920765.0,4,1
2014-05-17,3501523.0,5,1
2014-05-18,3205597.0,6,1
2014-05-19,3863368.0,0,1
2014-05-20,3969817.0,1,1
2014-05-21,3998970.0,2,1
2014-05-22,3963873.0,3,1
2014-05-23,3940095.0,4,1
2014-05-24,3537683.0,5,1
2014-05-25,3192361.0,6,1
2014-05-26,3844326.0,0,1
2014-05-27,3950383.0,1,1
2014-05-28,4000789.0,2,1
2014-05-29,3982707.0,3,1
2014-05-30,3926570.0,4,1
2014-05-31,3516159.0,5,1
2014-06-01,3208049.0,6,1
2014-06-02,3828613.0,0,1
2014-06-03,3979262.0,1,1
2014-06-04,4017381.0,2,1
2014-06-05,4029775.0,3,1
2014-06-06,4080996.0,4,1
2014-06-07,3664104.0,5,1
2014-06-08,3337447.0,6,1
2014-06-09,3911835.0,0,1
2014-06-10,4086129.0,1,1
2014-06-11,4162633.0,2,1
2014-06-12,4240654.0,3,1
2014-06-13,4290242.0,4,1
2014-06-14,3868124.0,5,1
2014-06-15,3459843.0,6,1
2014-06-16,4061172.0,0,1
2014-06-17,4161128.0,1,1
2014-06-18,4153444.0,2,1
2014-06-19,4047863.0,3,0
2014-06-20,4107634.0,4,1
2014-06-21,3738249.0,5,1
2014-06-22,3407618.0,6,1
2014-06-23,3968870.0,0,1
2014-06-24,3817867.0,1,1
2014-06-25,4009536.0,2,1
2014-06-26,4102051.0,3,1
2014-06-27,4140122.0,4,1
2014-06-28,3800153.0,5,1
2014-06-29,3388385.0,6,1
2014-06-30,3998410.0,0,1
2014-07-01,4189911.0,1,1
2014-07-02,4145918.0,2,1
2014-07-03,4083224.0,3,1
2014-07-04,4060321.0,4,1
2014-07-05,3751389.0,5,1
2014-07-06,3436882.0,6,1
2014-07-07,3984301.0,0,1
2014-07-08,4125953.0,1,1
2014-07-09,4185349.0,2,1
2014-07-10,4185164.0,3,1
2014-07-11,4172742.0,4,1
2014-07-12,3718211.0,5,1
2014-07-13,3393355.0,6,1
2014-07-14,4200158.0,0,1
2014-07-15,4403239.0,1,1
2014-07-16,4488657.0,2,1
2014-07-17,4552478.0,3,1
2014-07-18,4481784.0,4,1
2014-07-19,3874299.0,5,1
2014-07-20,3452729.0,6,1
2014-07-21,4152252.0,0,1
2014-07-22,4308228.0,1,1
2014-07-23,4400300.0,2,1
2014-07-24,4411460.0,3,1
2014-07-25,4258998.0,4,1
2014-07-26,3899844.0,5,1
2014-07-27,3565865.0,6,1
2014-07-28,4242806.0,0,1
2014-07-29,4203305.0,1,1
2014-07-30,4181023.0,2,1
2014-07-31,4158811.0,3,1
2014-08-01,4164355.0,4,1
2014-08-02,3676044.0,5,1
2014-08-03,3373291.0,6,1
2014-08-04,3996398.0,0,1
2014-08-05,4094450.0,1,1
2014-08-06,4152020.0,2,1
2014-08-07,4212212.0,3,1
2014-08-08,4199468.0,4,1
2014-08-09,3799562.0,5,1
2014-08-10,3490618.0,6,1
2014-08-11,4042839.0,0,1
2014-08-12,4102426.0,1,1
2014-08-13,4049854.0,2,1
2014-08-14,3893982.0,3,1
2014-08-15,3462806.0,4,0
2014-08-16,3482723.0,5,1
2014-08-17,3296694.0,6,1
2014-08-18,3930794.0,0,1
2014-08-19,3996558.0,1,1
2014-08-20,3984203.0,2,1
2014-08-21,3979431.0,3,1
2014-08-22,3931384.0,4,1
2014-08-23,3580663.0,5,1
2014-08-24,3354121.0,6,1
2014-08-25,4122223.0,0,1
2014-08-26,4360874.0,1,1
2014-08-27,4438503.0,2,1
2014-08-28,4443951.0,3,1
2014-08-29,4382374.0,4,1
2014-08-30,3888701.0,5,1
2014-08-31,3596811.0,6,1
2014-09-01,4401194.0,0,1
2014-09-02,4548373.0,1,1
2014-09-03,4547584.0,2,1
2014-09-04,4523901.0,3,1
2014-09-05,4468522.0,4,1
2014-09-06,3951109.0,5,1
2014-09-07,3614082.0,6,1
2014-09-08,4217322.0,0,1
2014-09-09,4398902.0,1,1
2014-09-10,4401649.0,2,1
2014-09-11,4225031.0,3,1
2014-09-12,4272617.0,4,1
2014-09-13,3867220.0,5,1
2014-09-14,3524498.0,6,1
2014-09-15,4184497.0,0,1
2014-09-16,4274091.0,1,1
2014-09-17,4284982.0,2,1
2014-09-18,4256613.0,3,1
2014-09-19,4208120.0,4,1
2014-09-20,3720870.0,5,1
2014-09-21,3371784.0,6,1
2014-09-22,4013200.0,0,1
2014-09-23,4027764.0,1,1
2014-09-24,3975627.0,2,1
2014-09-25,3978292.0,3,1
2014-09-26,3942824.0,4,1
2014-09-27,3519963.0,5,1
2014-09-28,3247309.0,6,1
2014-09-29,3913275.0,0,1
2014-09-30,4018059.0,1,1
2014-10-01,4042616.0,2,1
2014-10-02,4069449.0,3,1
2014-10-03,4027492.0,4,1
2014-10-04,3570210.0,5,1
2014-10-05,3255651.0,6,1
2014-10-06,3932639.0,0,1
2014-10-07,4049922.0,1,1
2014-10-08,4069131.0,2,1
2014-10-09,3984148.0,3,1
2014-10-10,3955483.0,4,1
2014-10-11,3513529.0,5,1
2014-10-12,3229266.0,6,1
2014-10-13,3698598.0,0,1
2014-10-14,3913385.0,1,1
2014-10-15,4011005.0,2,1
2014-10-16,4074624.0,3,1
2014-10-17,4033213.0,4,1
2014-10-18,3563391.0,5,1
2014-10-19,3246257.0,6,1
2014-10-20,3917313.0,0,1
2014-10-21,4065936.0,1,1
2014-10-22,4044360.0,2,1
2014-10-23,3969038.0,3,1
2014-10-24,3941928.0,4,1
2014-10-25,3470232.0,5,1
2014-10-26,3314915.0,6,1
2014-10-27,3863202.0,0,1
2014-10-28,3975553.0,1,1
2014-10-29,3987451.0,2,1
2014-10-30,3966111.0,3,1
2014-10-31,3920255.0,4,1
2014-11-01,3352038.0,5,0
2014-11-02,3192876.0,6,1
2014-11-03,3918871.0,0,1
2014-11-04,4038336.0,1,1
2014-11-05,4063291.0,2,1
2014-11-06,4126019.0,3,1
2014-11-07,4111434.0,4,1
2014-11-08,3668946.0,5,1
2014-11-09,3391878.0,6,1
2014-11-10,4078167.0,0,1
2014-11-11,4303055.0,1,1
2014-11-12,4256685.0,2,1
2014-11-13,4273721.0,3,1
2014-11-14,4223016.0,4,1
2014-11-15,3729919.0,5,1
2014-11-16,3475917.0,6,1
2014-11-17,4207275.0,0,1
2014-11-18,4355386.0,1,1
2014-11-19,4316016.0,2,1
2014-11-20,4281721.0,3,1
2014-11-21,4188595.0,4,1
2014-11-22,3711691.0,5,1
2014-11-23,3467314.0,6,1
2014-11-24,4088461.0,0,1
2014-11-25,4203946.0,1,1
2014-11-26,4206216.0,2,1
2014-11-27,4267827.0,3,1
2014-11-28,4260015.0,4,1
2014-11-29,3765649.0,5,1
2014-11-30,3502094.0,6,1
2014-12-01,4163996.0,0,1
2014-12-02,4269044.0,1,1
2014-12-03,4321621.0,2,1
2014-12-04,4351462.0,3,1
2014-12-05,4334194.0,4,1
2014-12-06,3872047.0,5,0
2014-12-07,3678158.0,6,1
2014-12-08,3774805.0,0,0
2014-12-09,4524805.0,1,1
2014-12-10,4594053.0,2,1
2014-12-11,4571297.0,3,1
2014-12-12,4554541.0,4,1
2014-12-13,4103810.0,5,1
2014-12-14,3836679.0,6,1
2014-12-15,4486790.0,0,1
2014-12-16,4556472.0,1,1
2014-12-17,4518304.0,2,1
2014-12-18,4445286.0,3,1
2014-12-19,4365933.0,4,1
2014-12-20,3944801.0,5,1
2014-12-21,3667082.0,6,1
2014-12-22,4228290.0,0,1
2014-12-23,4237839.0,1,1
2014-12-24,3790374.0,2,1
2014-12-25,3262761.0,3,0
2014-12-26,3757803.0,4,1
2014-12-27,3796740.0,5,1
2014-12-28,3639429.0,6,1
2014-12-29,4177174.0,0,1
2014-12-30,4243408.0,1,1
2014-12-31,3947796.0,2,1
2015-01-01,3440333.0,3,0
2015-01-02,4069521.0,4,1
2015-01-03,3972525.0,5,1
2015-01-04,3777897.0,6,1
2015-01-05,4064704.0,0,1
2015-01-06,3632553.0,1,0
2015-01-07,4548185.0,2,1
2015-01-08,4708010.0,3,1
2015-01-09,4648739.0,4,1
2015-01-10,4135279.0,5,1
2015-01-11,3832290.0,6,1
2015-01-12,4558891.0,0,1
2015-01-13,4625274.0,1,1
2015-01-14,4622804.0,2,1
2015-01-15,4615450.0,3,1
2015-01-16,4621113.0,4,1
2015-01-17,4202038.0,5,1
2015-01-18,4015901.0,6,1
2015-01-19,4753734.0,0,1
2015-01-20,4900678.0,1,1
2015-01-21,4917199.0,2,1
2015-01-22,4883285.0,3,1
2015-01-23,4814256.0,4,1
2015-01-24,4316329.0,5,1
2015-01-25,3958450.0,6,1
2015-01-26,4681684.0,0,1
2015-01-27,4738938.0,1,1
2015-01-28,4710419.0,2,1
2015-01-29,4694063.0,3,1
2015-01-30,4633866.0,4,1
2015-01-31,4159835.0,5,1
2015-02-01,3921603.0,6,1
2015-02-02,4731568.0,0,1
2015-02-03,4842382.0,1,1
2015-02-04,4951984.0,2,1
2015-02-05,4934214.0,3,1
2015-02-06,4936027.0,4,1
2015-02-07,4492970.0,5,1
2015-02-08,4104819.0,6,1
2015-02-09,4843193.0,0,1
2015-02-10,4905044.0,1,1
2015-02-11,4847763.0,2,1
2015-02-12,4796859.0,3,1
2015-02-13,4644858.0,4,1
2015-02-14,4172491.0,5,1
2015-02-15,3833646.0,6,1
2015-02-16,4465195.0,0,1
2015-02-17,4645671.0,1,1
2015-02-18,4644501.0,2,1
2015-02-19,4559894.0,3,1
2015-02-20,4551382.0,4,1
2015-02-21,4115883.0,5,1
2015-02-22,3813192.0,6,1
2015-02-23,4506264.0,0,1
2015-02-24,4626966.0,1,1
2015-02-25,4599196.0,2,1
2015-02-26,4508794.0,3,1
2015-02-27,4394142.0,4,1
2015-02-28,3917802.0,5,1
2015-03-01,3613356.0,6,1
2015-03-02,4228719.0,0,1
2015-03-03,4254892.0,1,1
2015-03-04,4306087.0,2,1
2015-03-05,4362040.0,3,1
2015-03-06,4316526.0,4,1
2015-03-07,3786603.0,5,1
2015-03-08,3499816.0,6,1
2015-03-09,4170278.0,0,1
2015-03-10,4235208.0,1,1
2015-03-11,4207477.0,2,1
2015-03-12,4184941.0,3,1
2015-03-13,4199914.0,4,1
2015-03-14,3863902.0,5,1
2015-03-15,3609550.0,6,1
2015-03-16,4291160.0,0,1
2015-03-17,4413148.0,1,1
2015-03-18,4442608.0,2,1
2015-03-19,4150543.0,3,1
2015-03-20,4279650.0,4,1
2015-03-21,3934012.0,5,1
2015-03-22,3660101.0,6,1
2015-03-23,4390073.0,0,1
2015-03-24,4498148.0,1,1
2015-03-25,4451643.0,2,1
2015-03-26,4415524.0,3,1
2015-03-27,4269872.0,4,1
2015-03-28,3739762.0,5,1
2015-03-29,3259763.0,6,1
2015-03-30,3944149.0,0,1
2015-03-31,3971949.0,1,1
2015-04-01,3908569.0,2,1
2015-04-02,3428810.0,3,0
2015-04-03,3111112.0,4,0
2015-04-04,3275511.0,5,1
2015-04-05,3154371.0,6,1
2015-04-06,3445850.0,0,1
2015-04-07,3930653.0,1,1
2015-04-08,4061787.0,2,1
2015-04-09,4115980.0,3,1
2015-04-10,4063330.0,4,1
2015-04-11,3676205.0,5,1
2015-04-12,3376530.0,6,1
2015-04-13,3925519.0,0,1
2015-04-14,4031845.0,1,1
2015-04-15,4084742.0,2,1
2015-04-16,4055931.0,3,1
2015-04-17,4003823.0,4,1
2015-04-18,3584708.0,5,1
2015-04-19,3300555.0,6,1
2015-04-20,3898066.0,0,1
2015-04-21,3985991.0,1,1
2015-04-22,3972711.0,2,1
2015-04-23,3899044.0,3,1
2015-04-24,3926423.0,4,1
2015-04-25,3598453.0,5,1
2015-04-26,3342928.0,6,1
2015-04-27,3921803.0,0,1
2015-04-28,3969814.0,1,1
2015-04-29,3983799.0,2,1
2015-04-30,3995061.0,3,1
2015-05-01,3273692.0,4,0
2015-05-02,3392088.0,5,1
2015-05-03,3245556.0,6,1
2015-05-04,3943150.0,0,1
2015-05-05,4028577.0,1,1
2015-05-06,4013562.0,2,1
2015-05-07,4013319.0,3,1
2015-05-08,4041020.0,4,1
2015-05-09,3638057.0,5,1
2015-05-10,3343291.0,6,1
2015-05-11,4001510.0,0,1
2015-05-12,4130849.0,1,1
2015-05-13,4179692.0,2,1
2015-05-14,4265566.0,3,1
2015-05-15,3994696.0,4,1
2015-05-16,3599391.0,5,1
2015-05-17,3351412.0,6,1
2015-05-18,4028325.0,0,1
2015-05-19,4097199.0,1,1
2015-05-20,4001370.0,2,1
2015-05-21,3979209.0,3,1
2015-05-22,3997615.0,4,1
2015-05-23,3620639.0,5,1
2015-05-24,3301264.0,6,1
2015-05-25,3913254.0,0,1
2015-05-26,4040766.0,1,1
2015-05-27,4087483.0,2,1
2015-05-28,4135702.0,3,1
2015-05-29,4078126.0,4,1
2015-05-30,3650141.0,5,1
2015-05-31,3349456.0,6,1
2015-06-01,4000767.0,0,1
2015-06-02,4208988.0,1,1
2015-06-03,4247258.0,2,1
2015-06-04,4157642.0,3,1
2015-06-05,4214578.0,4,1
2015-06-06,3830810.0,5,1
2015-06-07,3513887.0,6,1
2015-06-08,4243632.0,0,1
2015-06-09,4294669.0,1,1
2015-06-10,4292616.0,2,1
2015-06-11,4208411.0,3,1
2015-06-12,4090250.0,4,1
2015-06-13,3638359.0,5,1
2015-06-14,3307382.0,6,1
2015-06-15,3941470.0,0,1
2015-06-16,3992346.0,1,1
2015-06-17,4044483.0,2,1
2015-06-18,4108779.0,3,1
2015-06-19,4172832.0,4,1
2015-06-20,3822291.0,5,1
2015-06-21,3515943.0,6,1
2015-06-22,4230338.0,0,1
2015-06-23,4228827.0,1,1
2015-06-24,3977324.0,2,1
2015-06-25,4268181.0,3,1
2015-06-26,4370301.0,4,1
2015-06-27,4050213.0,5,1
2015-06-28,3769406.0,6,1
2015-06-29,4552779.0,0,1
2015-06-30,4694609.0,1,1
2015-07-01,4656602.0,2,1
2015-07-02,4538610.0,3,1
2015-07-03,4587531.0,4,1
2015-07-04,4147763.0,5,1
2015-07-05,3910176.0,6,1
2015-07-06,4719719.0,0,1
2015-07-07,4888036.0,1,1
2015-07-08,4856135.0,2,1
2015-07-09,4756136.0,3,1
2015-07-10,4695804.0,4,1
2015-07-11,4169215.0,5,1
2015-07-12,3823021.0,6,1
2015-07-13,4649196.0,0,1
2015-07-14,4800854.0,1,1
2015-07-15,4828878.0,2,1
2015-07-16,4815323.0,3,1
2015-07-17,4801067.0,4,1
2015-07-18,4234717.0,5,1
2015-07-19,3841083.0,6,1
2015-07-20,4757976.0,0,1
2015-07-21,4904228.0,1,1
2015-07-22,4828725.0,2,1
2015-07-23,4819082.0,3,1
2015-07-24,4773104.0,4,1
2015-07-25,4108295.0,5,1
2015-07-26,3792505.0,6,1
2015-07-27,4611596.0,0,1
2015-07-28,4717551.0,1,1
2015-07-29,4784715.0,2,1
2015-07-30,4621361.0,3,1
2015-07-31,4379753.0,4,1
2015-08-01,3788553.0,5,1
2015-08-02,3565530.0,6,1
2015-08-03,4357067.0,0,1
2015-08-04,4420302.0,1,1
2015-08-05,4463160.0,2,1
2015-08-06,4455015.0,3,1
2015-08-07,4488930.0,4,1
2015-08-08,3954931.0,5,1
2015-08-09,3519011.0,6,1
2015-08-10,4150865.0,0,1
2015-08-11,4262913.0,1,1
2015-08-12,4294403.0,2,1
2015-08-13,4210545.0,3,1
2015-08-14,3973260.0,4,1
2015-08-15,3470022.0,5,1
2015-08-16,3317695.0,6,1
2015-08-17,3913747.0,0,1
2015-08-18,3952873.0,1,1
2015-08-19,3982497.0,2,1
2015-08-20,4123306.0,3,1
2015-08-21,4207791.0,4,1
2015-08-22,3789386.0,5,1
2015-08-23,3445303.0,6,1
2015-08-24,3992654.0,0,1
2015-08-25,4103832.0,1,1
2015-08-26,4189848.0,2,1
2015-08-27,4309751.0,3,1
2015-08-28,4328509.0,4,1
2015-08-29,3934032.0,5,1
2015-08-30,3672054.0,6,1
2015-08-31,4413600.0,0,1
2015-09-01,4391234.0,1,1
2015-09-02,4337384.0,2,1
2015-09-03,4215029.0,3,1
2015-09-04,4091643.0,4,1
2015-09-05,3604815.0,5,1
2015-09-06,3294812.0,6,1
2015-09-07,3919635.0,0,1
2015-09-08,3953066.0,1,1
2015-09-09,4063904.0,2,1
2015-09-10,4107405.0,3,1
2015-09-11,3943948.0,4,1
2015-09-12,3654796.0,5,1
2015-09-13,3352580.0,6,1
2015-09-14,3951747.0,0,1
2015-09-15,4062587.0,1,1
2015-09-16,4124861.0,2,1
2015-09-17,4029830.0,3,1
2015-09-18,3978459.0,4,1
2015-09-19,3582865.0,5,1
2015-09-20,3304735.0,6,1
2015-09-21,3997777.0,0,1
2015-09-22,4112794.0,1,1
2015-09-23,4084581.0,2,1
2015-09-24,4037184.0,3,1
2015-09-25,4024428.0,4,1
2015-09-26,3617815.0,5,1
2015-09-27,3328523.0,6,1
2015-09-28,3964916.0,0,1
2015-09-29,4040888.0,1,1
2015-09-30,4027558.0,2,1
2015-10-01,4029037.0,3,1
2015-10-02,4019393.0,4,1
2015-10-03,3592711.0,5,1
2015-10-04,3342430.0,6,1
2015-10-05,4047678.0,0,1
2015-10-06,4102748.0,1,1
2015-10-07,4031639.0,2,1
2015-10-08,3987214.0,3,1
2015-10-09,3896499.0,4,1
2015-10-10,3526031.0,5,1
2015-10-11,3268421.0,6,1
2015-10-12,3338427.0,0,0
2015-10-13,3920924.0,1,1
2015-10-14,3974438.0,2,1
2015-10-15,3976492.0,3,1
2015-10-16,3992446.0,4,1
2015-10-17,3614875.0,5,1
2015-10-18,3314133.0,6,1
2015-10-19,3984089.0,0,1
2015-10-20,4046574.0,1,1
2015-10-21,4020336.0,2,1
2015-10-22,4004241.0,3,1
2015-10-23,4010671.0,4,1
2015-10-24,3581865.0,5,1
2015-10-25,3427357.0,6,1
2015-10-26,3969990.0,0,1
2015-10-27,4062852.0,1,1
2015-10-28,4056144.0,2,1
2015-10-29,4057008.0,3,1
2015-10-30,4019779.0,4,1
2015-10-31,3584727.0,5,1
2015-11-01,3291312.0,6,0
2015-11-02,3812611.0,0,1
2015-11-03,4080486.0,1,1
2015-11-04,4097320.0,2,1
2015-11-05,4067478.0,3,1
2015-11-06,4048316.0,4,1
2015-11-07,3589078.0,5,1
2015-11-08,3336887.0,6,1
2015-11-09,3888549.0,0,1
2015-11-10,4033323.0,1,1
2015-11-11,4062360.0,2,1
2015-11-12,4083111.0,3,1
2015-11-13,4066890.0,4,1
2015-11-14,3614157.0,5,1
2015-11-15,3348024.0,6,1
2015-11-16,4044299.0,0,1
2015-11-17,4176334.0,1,1
2015-11-18,4179979.0,2,1
2015-11-19,4160627.0,3,1
2015-11-20,4158767.0,4,1
2015-11-21,3764778.0,5,1
2015-11-22,3530338.0,6,1
2015-11-23,4334625.0,0,1
2015-11-24,4533002.0,1,1
2015-11-25,4489321.0,2,1
2015-11-26,4443346.0,3,1
2015-11-27,4366350.0,4,1
2015-11-28,3922315.0,5,1
2015-11-29,3645986.0,6,1
2015-11-30,4405575.0,0,1
2015-12-01,4511537.0,1,1
2015-12-02,4505451.0,2,1
2015-12-03,4454610.0,3,1
2015-12-04,4404731.0,4,1
2015-12-05,3957320.0,5,1
2015-12-06,3639545.0,6,0
2015-12-07,3845202.0,0,1
2015-12-08,3690576.0,1,0
2015-12-09,4315491.0,2,1
2015-12-10,4407416.0,3,1
2015-12-11,4397290.0,4,1
2015-12-12,3992997.0,5,1
2015-12-13,3732423.0,6,1
2015-12-14,4445332.0,0,1
2015-12-15,4467217.0,1,1
2015-12-16,4415765.0,2,1
2015-12-17,4399883.0,3,1
2015-12-18,4304967.0,4,1
2015-12-19,3935946.0,5,1
2015-12-20,3644268.0,6,1
2015-12-21,4232698.0,0,1
2015-12-22,4284580.0,1,1
2015-12-23,4200396.0,2,1
2015-12-24,3687179.0,3,1
2015-12-25,3136583.0,4,0
2015-12-26,3466940.0,5,1
2015-12-27,3437467.0,6,1
2015-12-28,3942964.0,0,1
2015-12-29,3921714.0,1,1
2015-12-30,3893639.0,2,1
2015-12-31,3601797.0,3,1
2016-01-01,3132829.0,4,0
2016-01-02,3505820.0,5,1
2016-01-03,3525667.0,6,1
2016-01-04,4020695.0,0,1
2016-01-05,3997681.0,1,1
2016-01-06,3544249.0,2,0
2016-01-07,4304962.0,3,1
2016-01-08,4325336.0,4,1
2016-01-09,3916094.0,5,1
2016-01-10,3729483.0,6,1
2016-01-11,4342212.0,0,1
2016-01-12,4473042.0,1,1
2016-01-13,4558198.0,2,1
2016-01-14,4593371.0,3,1
2016-01-15,4560394.0,4,1
2016-01-16,4157358.0,5,1
2016-01-17,3946788.0,6,1
2016-01-18,4643008.0,0,1
2016-01-19,4678632.0,1,1
2016-01-20,4661256.0,2,1
2016-01-21,4638403.0,3,1
2016-01-22,4551012.0,4,1
2016-01-23,4000519.0,5,1
2016-01-24,3690479.0,6,1
2016-01-25,4359517.0,0,1
2016-01-26,4470683.0,1,1
2016-01-27,4476948.0,2,1
2016-01-28,4472412.0,3,1
2016-01-29,4433438.0,4,1
2016-01-30,3994154.0,5,1
2016-01-31,3712233.0,6,1
2016-02-01,4311832.0,0,1
2016-02-02,4400351.0,1,1
2016-02-03,4422988.0,2,1
2016-02-04,4436488.0,3,1
2016-02-05,4437213.0,4,1
2016-02-06,4030926.0,5,1
2016-02-07,3718035.0,6,1
2016-02-08,4370126.0,0,1
2016-02-09,4457142.0,1,1
2016-02-10,4452048.0,2,1
2016-02-11,4446697.0,3,1
2016-02-12,4437836.0,4,1
2016-02-13,3992496.0,5,1
2016-02-14,3753850.0,6,1
2016-02-15,4527345.0,0,1
2016-02-16,4624860.0,1,1
2016-02-17,4685908.0,2,1
2016-02-18,4713155.0,3,1
2016-02-19,4626886.0,4,1
2016-02-20,4102315.0,5,1
2016-02-21,3797416.0,6,1
2016-02-22,4398427.0,0,1
2016-02-23,4425677.0,1,1
2016-02-24,4471284.0,2,1
2016-02-25,4435516.0,3,1
2016-02-26,4512990.0,4,1
2016-02-27,4173608.0,5,1
2016-02-28,3831257.0,6,1
2016-02-29,4394844.0,0,1
2016-03-01,4489253.0,1,1
2016-03-02,4480075.0,2,1
2016-03-03,4429947.0,3,1
2016-03-04,4451909.0,4,1
2016-03-05,4001078.0,5,1
2016-03-06,3732404.0,6,1
2016-03-07,4561081.0,0,1
2016-03-08,4584562.0,1,1
2016-03-09,4652185.0,2,1
2016-03-10,4603533.0,3,1
2016-03-11,4507888.0,4,1
2016-03-12,4010420.0,5,1
2016-03-13,3700183.0,6,1
2016-03-14,4455564.0,0,1
2016-03-15,4534872.0,1,1
2016-03-16,4477046.0,2,1
2016-03-17,4482411.0,3,1
2016-03-18,4433269.0,4,1
2016-03-19,3932814.0,5,1
2016-03-20,3645954.0,6,1
2016-03-21,4288436.0,0,1
2016-03-22,4297180.0,1,1
2016-03-23,4207099.0,2,1
2016-03-24,3666167.0,3,0
2016-03-25,3401062.0,4,0
2016-03-26,3522012.0,5,1
2016-03-27,3217133.0,6,1
2016-03-28,3717019.0,0,1
2016-03-29,4095819.0,1,1
2016-03-30,4115073.0,2,1
2016-03-31,4192601.0,3,1
2016-04-01,4204350.0,4,1
2016-04-02,3797923.0,5,1
2016-04-03,3566575.0,6,1
2016-04-04,4260627.0,0,1
2016-04-05,4336048.0,1,1
2016-04-06,4242070.0,2,1
2016-04-07,4197851.0,3,1
2016-04-08,4225203.0,4,1
2016-04-09,3763676.0,5,1
2016-04-10,3502631.0,6,1
2016-04-11,4188042.0,0,1
2016-04-12,4287130.0,1,1
2016-04-13,4218461.0,2,1
2016-04-14,4198201.0,3,1
2016-04-15,4147423.0,4,1
2016-04-16,3734858.0,5,1
2016-04-17,3443921.0,6,1
2016-04-18,4063234.0,0,1
2016-04-19,4198125.0,1,1
2016-04-20,4214752.0,2,1
2016-04-21,4150532.0,3,1
2016-04-22,4096698.0,4,1
2016-04-23,3611784.0,5,1
2016-04-24,3329699.0,6,1
2016-04-25,3945570.0,0,1
2016-04-26,4034697.0,1,1
2016-04-27,4072653.0,2,1
2016-04-28,4069194.0,3,1
2016-04-29,4037827.0,4,1
2016-04-30,3605546.0,5,1
2016-05-01,3182876.0,6,0
2016-05-02,3637298.0,0,1
2016-05-03,3970019.0,1,1
2016-05-04,4014040.0,2,1
2016-05-05,4020030.0,3,1
2016-05-06,4023721.0,4,1
2016-05-07,3604586.0,5,1
2016-05-08,3340416.0,6,1
2016-05-09,3994722.0,0,1
2016-05-10,4084604.0,1,1
2016-05-11,4070929.0,2,1
2016-05-12,4061859.0,3,1
2016-05-13,4020985.0,4,1
2016-05-14,3577886.0,5,1
2016-05-15,3236048.0,6,1
2016-05-16,3662703.0,0,1
2016-05-17,3902671.0,1,1
2016-05-18,4008042.0,2,1
2016-05-19,3996020.0,3,1
2016-05-20,4001976.0,4,1
2016-05-21,3606898.0,5,1
2016-05-22,3321440.0,6,1
2016-05-23,3898145.0,0,1
2016-05-24,3987237.0,1,1
2016-05-25,4048201.0,2,1
2016-05-26,4033389.0,3,1
2016-05-27,4027423.0,4,1
2016-05-28,3615582.0,5,1
2016-05-29,3278667.0,6,1
2016-05-30,3896784.0,0,1
2016-05-31,3973144.0,1,1
2016-06-01,4009599.0,2,1
2016-06-02,4047439.0,3,1
2016-06-03,4066481.0,4,1
2016-06-04,3641794.0,5,1
2016-06-05,3362076.0,6,1
2016-06-06,4023223.0,0,1
2016-06-07,4196890.0,1,1
2016-06-08,4301144.0,2,1
2016-06-09,4353819.0,3,1
2016-06-10,4279340.0,4,1
2016-06-11,3773635.0,5,1
2016-06-12,3460763.0,6,1
2016-06-13,4274834.0,0,1
2016-06-14,4344795.0,1,1
2016-06-15,4260534.0,2,1
2016-06-16,4049827.0,3,1
2016-06-17,4020938.0,4,1
2016-06-18,3650830.0,5,1
2016-06-19,3367449.0,6,1
2016-06-20,4040927.0,0,1
2016-06-21,4220616.0,1,1
2016-06-22,4282903.0,2,1
2016-06-23,4253083.0,3,1
2016-06-24,4050963.0,4,1
2016-06-25,3856839.0,5,1
2016-06-26,3507066.0,6,1
2016-06-27,4225966.0,0,1
2016-06-28,4428357.0,1,1
2016-06-29,4428015.0,2,1
2016-06-30,4456206.0,3,1
2016-07-01,4419561.0,4,1
2016-07-02,3971390.0,5,1
2016-07-03,3684349.0,6,1
2016-07-04,4363664.0,0,1
2016-07-05,4516582.0,1,1
2016-07-06,4555159.0,2,1
2016-07-07,4489345.0,3,1
2016-07-08,4522307.0,4,1
2016-07-09,4137366.0,5,1
2016-07-10,3844275.0,6,1
2016-07-11,4641059.0,0,1
2016-07-12,4644542.0,1,1
2016-07-13,4464697.0,2,1
2016-07-14,4375776.0,3,1
2016-07-15,4317732.0,4,1
2016-07-16,3902508.0,5,1
2016-07-17,3609743.0,6,1
2016-07-18,4414908.0,0,1
2016-07-19,4575745.0,1,1
2016-07-20,4664260.0,2,1
2016-07-21,4654037.0,3,1
2016-07-22,4525617.0,4,1
2016-07-23,3969483.0,5,1
2016-07-24,3641549.0,6,1
2016-07-25,4244635.0,0,1
2016-07-26,4634070.0,1,1
2016-07-27,4650413.0,2,1
2016-07-28,4640066.0,3,1
2016-07-29,4613819.0,4,1
2016-07-30,4132161.0,5,1
2016-07-31,3762651.0,6,1
2016-08-01,4382160.0,0,1
2016-08-02,4477342.0,1,1
2016-08-03,4524834.0,2,1
2016-08-04,4513794.0,3,1
2016-08-05,4393911.0,4,1
2016-08-06,3901593.0,5,1
2016-08-07,3591797.0,6,1
2016-08-08,4225683.0,0,1
2016-08-09,4271971.0,1,1
2016-08-10,4100205.0,2,1
2016-08-11,4078468.0,3,1
2016-08-12,4116172.0,4,1
2016-08-13,3765043.0,5,1
2016-08-14,3472110.0,6,1
2016-08-15,3563984.0,0,0
2016-08-16,4097612.0,1,1
2016-08-17,4177936.0,2,1
2016-08-18,4250071.0,3,1
2016-08-19,4278335.0,4,1
2016-08-20,3951404.0,5,1
2016-08-21,3593222.0,6,1
2016-08-22,4308731.0,0,1
2016-08-23,4421418.0,1,1
2016-08-24,4409792.0,2,1
2016-08-25,4375675.0,3,1
2016-08-26,4372879.0,4,1
2016-08-27,3974964.0,5,1
2016-08-28,3749972.0,6,1
2016-08-29,4475607.0,0,1
2016-08-30,4513011.0,1,1
2016-08-31,4522984.0,2,1
2016-09-01,4544574.0,3,1
2016-09-02,4580697.0,4,1
2016-09-03,4161273.0,5,1
2016-09-04,3923656.0,6,1
2016-09-05,4776426.0,0,1
2016-09-06,4905042.0,1,1
2016-09-07,4876670.0,2,1
2016-09-08,4583694.0,3,1
2016-09-09,4517574.0,4,1
2016-09-10,4022591.0,5,1
2016-09-11,3715601.0,6,1
2016-09-12,4449789.0,0,1
2016-09-13,4419070.0,1,1
2016-09-14,4157703.0,2,1
2016-09-15,4077582.0,3,1
2016-09-16,4069734.0,4,1
2016-09-17,3665368.0,5,1
2016-09-18,3377806.0,6,1
2016-09-19,4005146.0,0,1
2016-09-20,4145970.0,1,1
2016-09-21,4138787.0,2,1
2016-09-22,4175731.0,3,1
2016-09-23,4142510.0,4,1
2016-09-24,3662139.0,5,1
2016-09-25,3375048.0,6,1
2016-09-26,4053808.0,0,1
2016-09-27,4177614.0,1,1
2016-09-28,4200725.0,2,1
2016-09-29,4129857.0,3,1
2016-09-30,4110902.0,4,1
2016-10-01,3672294.0,5,1
2016-10-02,3381771.0,6,1
2016-10-03,4038029.0,0,1
2016-10-04,4171889.0,1,1
2016-10-05,4178478.0,2,1
2016-10-06,4161049.0,3,1
2016-10-07,4060442.0,4,1
2016-10-08,3640962.0,5,1
2016-10-09,3358283.0,6,1
2016-10-10,3971792.0,0,1
2016-10-11,4011283.0,1,1
2016-10-12,3488782.0,2,0
2016-10-13,3964696.0,3,1
2016-10-14,3935513.0,4,1
2016-10-15,3543758.0,5,1
2016-10-16,3301738.0,6,1
2016-10-17,4022623.0,0,1
2016-10-18,4112463.0,1,1
2016-10-19,4093353.0,2,1
2016-10-20,4074854.0,3,1
2016-10-21,4052611.0,4,1
2016-10-22,3673175.0,5,1
2016-10-23,3410619.0,6,1
2016-10-24,4049901.0,0,1
2016-10-25,4129041.0,1,1
2016-10-26,4109000.0,2,1
2016-10-27,4099005.0,3,1
2016-10-28,4067073.0,4,1
2016-10-29,3594130.0,5,1
2016-10-30,3398318.0,6,1
2016-10-31,3612119.0,0,1
2016-11-01,3348173.0,1,0
2016-11-02,3984912.0,2,1
2016-11-03,4066493.0,3,1
2016-11-04,4141739.0,4,1
2016-11-05,3708950.0,5,1
2016-11-06,3392867.0,6,1
2016-11-07,4111004.0,0,1
2016-11-08,4293895.0,1,1
2016-11-09,4311880.0,2,1
2016-11-10,4317922.0,3,1
2016-11-11,4296719.0,4,1
2016-11-12,3825234.0,5,1
2016-11-13,3532367.0,6,1
2016-11-14,4220567.0,0,1
2016-11-15,4370518.0,1,1
2016-11-16,4350822.0,2,1
2016-11-17,4361961.0,3,1
2016-11-18,4334129.0,4,1
2016-11-19,3863442.0,5,1
2016-11-20,3645532.0,6,1
2016-11-21,4323299.0,0,1
2016-11-22,4429321.0,1,1
2016-11-23,4442709.0,2,1
2016-11-24,4465339.0,3,1
2016-11-25,4503092.0,4,1
2016-11-26,4069119.0,5,1
2016-11-27,3756321.0,6,1
2016-11-28,4386633.0,0,1
2016-11-29,4514471.0,1,1
2016-11-30,4490856.0,2,1
2016-12-01,4501688.0,3,1
2016-12-02,4452483.0,4,1
2016-12-03,4042347.0,5,1
2016-12-04,3754932.0,6,1
2016-12-05,4191734.0,0,1
2016-12-06,3868373.0,1,0
2016-12-07,4214659.0,2,1
2016-12-08,3774266.0,3,0
2016-12-09,4059655.0,4,1
2016-12-10,3850880.0,5,1
2016-12-11,3687823.0,6,1
2016-12-12,4395617.0,0,1
2016-12-13,4558072.0,1,1
2016-12-14,4599404.0,2,1
2016-12-15,4613321.0,3,1
2016-12-16,4582077.0,4,1
2016-12-17,4079742.0,5,1
2016-12-18,3870683.0,6,1
2016-12-19,4622850.0,0,1
2016-12-20,4632245.0,1,1
2016-12-21,4580737.0,2,1
2016-12-22,4491727.0,3,1
2016-12-23,4266364.0,4,1
2016-12-24,3663884.0,5,1
2016-12-25,3213388.0,6,0
2016-12-26,3520763.0,0,1
2016-12-27,4070905.0,1,1
2016-12-28,4110011.0,2,1
2016-12-29,4124830.0,3,1
2016-12-30,4109392.0,4,1
2016-12-31,3773492.0,5,1
2017-01-01,3381053.0,6,0
2017-01-02,4173470.0,0,1
2017-01-03,4502446.0,1,1
2017-01-04,4476001.0,2,1
2017-01-05,4278091.0,3,1
2017-01-06,3649559.0,4,0
2017-01-07,3986056.0,5,1
2017-01-08,3908323.0,6,1
2017-01-09,4662691.0,0,1
2017-01-10,4817229.0,1,1
2017-01-11,4686206.0,2,1
2017-01-12,4623450.0,3,1
2017-01-13,4598818.0,4,1
2017-01-14,4243333.0,5,1
2017-01-15,3994324.0,6,1
2017-01-16,4694239.0,0,1
2017-01-17,4833658.0,1,1
2017-01-18,5044366.0,2,1
2017-01-19,5084123.0,3,1
2017-01-20,5004061.0,4,1
2017-01-21,4398408.0,5,1
2017-01-22,4052234.0,6,1
2017-01-23,4775995.0,0,1
2017-01-24,4812885.0,1,1
2017-01-25,4854253.0,2,1
2017-01-26,4902866.0,3,1
2017-01-27,4800124.0,4,1
2017-01-28,4226654.0,5,1
2017-01-29,3927191.0,6,1
2017-01-30,4557883.0,0,1
2017-01-31,4567290.0,1,1
2017-02-01,4533658.0,2,1
2017-02-02,4546263.0,3,1
2017-02-03,4480232.0,4,1
2017-02-04,3993073.0,5,1
2017-02-05,3733989.0,6,1
2017-02-06,4413961.0,0,1
2017-02-07,4448466.0,1,1
2017-02-08,4493206.0,2,1
2017-02-09,4568762.0,3,1
2017-02-10,4623226.0,4,1
2017-02-11,4162125.0,5,1
2017-02-12,3825904.0,6,1
2017-02-13,4455356.0,0,1
2017-02-14,4490191.0,1,1
2017-02-15,4405234.0,2,1
2017-02-16,4423118.0,3,1
2017-02-17,4389090.0,4,1
2017-02-18,3983267.0,5,1
2017-02-19,3674523.0,6,1
2017-02-20,4316272.0,0,1
2017-02-21,4384110.0,1,1
2017-02-22,4387764.0,2,1
2017-02-23,4412955.0,3,1
2017-02-24,4351079.0,4,1
2017-02-25,3904594.0,5,1
2017-02-26,3624825.0,6,1
2017-02-27,4210435.0,0,1
2017-02-28,4253936.0,1,1
2017-03-01,4351003.0,2,1
2017-03-02,4340159.0,3,1
2017-03-03,4397957.0,4,1
2017-03-04,3998132.0,5,1
2017-03-05,3692567.0,6,1
2017-03-06,4204483.0,0,1
2017-03-07,4257874.0,1,1
2017-03-08,4190419.0,2,1
2017-03-09,4156950.0,3,1
2017-03-10,4091382.0,4,1
2017-03-11,3653685.0,5,1
2017-03-12,3382962.0,6,1
2017-03-13,4191738.0,0,1
2017-03-14,4279943.0,1,1
2017-03-15,4175118.0,2,1
2017-03-16,4169231.0,3,1
2017-03-17,4114304.0,4,1
2017-03-18,3636705.0,5,1
2017-03-19,3351410.0,6,1
2017-03-20,3930822.0,0,1
2017-03-21,4165785.0,1,1
2017-03-22,4270268.0,2,1
2017-03-23,4364172.0,3,1
2017-03-24,4410080.0,4,1
2017-03-25,3994514.0,5,1
2017-03-26,3466646.0,6,1
2017-03-27,4277111.0,0,1
2017-03-28,4245984.0,1,1
2017-03-29,4192440.0,2,1
2017-03-30,4123463.0,3,1
2017-03-31,4104620.0,4,1
2017-04-01,3685816.0,5,1
2017-04-02,3441879.0,6,1
2017-04-03,4045020.0,0,1
2017-04-04,4127321.0,1,1
2017-04-05,4107036.0,2,1
2017-04-06,4084623.0,3,1
2017-04-07,4056917.0,4,1
2017-04-08,3663243.0,5,1
2017-04-09,3352380.0,6,1
2017-04-10,3915050.0,0,1
2017-04-11,3975051.0,1,1
2017-04-12,3908364.0,2,1
2017-04-13,3394971.0,3,0
2017-04-14,3121888.0,4,0
2017-04-15,3269039.0,5,1
2017-04-16,3096718.0,6,1
2017-04-17,3428105.0,0,1
2017-04-18,3909981.0,1,1
2017-04-19,4035125.0,2,1
2017-04-20,4051774.0,3,1
2017-04-21,4030880.0,4,1
2017-04-22,3652733.0,5,1
2017-04-23,3334615.0,6,1
2017-04-24,3825866.0,0,1
2017-04-25,4057582.0,1,1
2017-04-26,4098752.0,2,1
2017-04-27,4142114.0,3,1
2017-04-28,4115976.0,4,1
2017-04-29,3699710.0,5,1
2017-04-30,3375737.0,6,1
2017-05-01,3243413.0,0,0
2017-05-02,3867400.0,1,1
2017-05-03,4052745.0,2,1
2017-05-04,4075971.0,3,1
2017-05-05,4057415.0,4,1
2017-05-06,3633234.0,5,1
2017-05-07,3312010.0,6,1
2017-05-08,3939752.0,0,1
2017-05-09,4065671.0,1,1
2017-05-10,4092660.0,2,1
2017-05-11,4071664.0,3,1
2017-05-12,4024003.0,4,1
2017-05-13,3615996.0,5,1
2017-05-14,3299338.0,6,1
2017-05-15,3883899.0,0,1
2017-05-16,4112576.0,1,1
2017-05-17,4096662.0,2,1
2017-05-18,4065070.0,3,1
2017-05-19,3995826.0,4,1
2017-05-20,3616796.0,5,1
2017-05-21,3362491.0,6,1
2017-05-22,4006449.0,0,1
2017-05-23,4155068.0,1,1
2017-05-24,4218558.0,2,1
2017-05-25,4275702.0,3,1
2017-05-26,4254894.0,4,1
2017-05-27,3804020.0,5,1
2017-05-28,3440097.0,6,1
2017-05-29,4053815.0,0,1
2017-05-30,4131495.0,1,1
2017-05-31,4162276.0,2,1
2017-06-01,4219700.0,3,1
2017-06-02,4250801.0,4,1
2017-06-03,3806075.0,5,1
2017-06-04,3397921.0,6,1
2017-06-05,3944311.0,0,1
2017-06-06,4164669.0,1,1
2017-06-07,4233948.0,2,1
2017-06-08,4316306.0,3,1
2017-06-09,4301364.0,4,1
2017-06-10,3909343.0,5,1
2017-06-11,3683190.0,6,1
2017-06-12,4476332.0,0,1
2017-06-13,4662058.0,1,1
2017-06-14,4745095.0,2,1
2017-06-15,4773300.0,3,1
2017-06-16,4773646.0,4,1
2017-06-17,4395496.0,5,1
2017-06-18,4051117.0,6,1
2017-06-19,4771775.0,0,1
2017-06-20,4857595.0,1,1
2017-06-21,4856288.0,2,1
2017-06-22,4864783.0,3,1
2017-06-23,4735135.0,4,1
2017-06-24,4213958.0,5,1
2017-06-25,3896300.0,6,1
2017-06-26,4551551.0,0,1
2017-06-27,4579739.0,1,1
2017-06-28,4428841.0,2,1
2017-06-29,4209249.0,3,1
2017-06-30,4112820.0,4,1
2017-07-01,3723631.0,5,1
2017-07-02,3470454.0,6,1
2017-07-03,4195965.0,0,1
2017-07-04,4429127.0,1,1
2017-07-05,4497842.0,2,1
2017-07-06,4429940.0,3,1
2017-07-07,4364920.0,4,1
2017-07-08,3896488.0,5,1
2017-07-09,3620509.0,6,1
2017-07-10,4401040.0,0,1
2017-07-11,4580463.0,1,1
2017-07-12,4763888.0,2,1
2017-07-13,4896480.0,3,1
2017-07-14,4844664.0,4,1
2017-07-15,4306050.0,5,1
2017-07-16,3926310.0,6,1
2017-07-17,4702883.0,0,1
2017-07-18,4840305.0,1,1
2017-07-19,4778632.0,2,1
2017-07-20,4630770.0,3,1
2017-07-21,4519409.0,4,1
2017-07-22,4052372.0,5,1
2017-07-23,3706518.0,6,1
2017-07-24,4344797.0,0,1
2017-07-25,4346657.0,1,1
2017-07-26,4503802.0,2,1
2017-07-27,4660393.0,3,1
2017-07-28,4677143.0,4,1
2017-07-29,4232292.0,5,1
2017-07-30,3905945.0,6,1
2017-07-31,4433054.0,0,1
2017-08-01,4558714.0,1,1
2017-08-02,4591874.0,2,1
2017-08-03,4685032.0,3,1
2017-08-04,4763935.0,4,1
2017-08-05,4300341.0,5,1
2017-08-06,3879209.0,6,1
2017-08-07,4494456.0,0,1
2017-08-08,4420740.0,1,1
2017-08-09,4218928.0,2,1
2017-08-10,4036402.0,3,1
2017-08-11,4044295.0,4,1
2017-08-12,3736148.0,5,1
2017-08-13,3490098.0,6,1
2017-08-14,3958408.0,0,1
2017-08-15,3751393.0,1,0
2017-08-16,4223631.0,2,1
2017-08-17,4322685.0,3,1
2017-08-18,4390881.0,4,1
2017-08-19,3972733.0,5,1
2017-08-20,3694259.0,6,1
2017-08-21,4420246.0,0,1
2017-08-22,4532483.0,1,1
2017-08-23,4543556.0,2,1
2017-08-24,4518284.0,3,1
2017-08-25,4476206.0,4,1
2017-08-26,4058534.0,5,1
2017-08-27,3711530.0,6,1
2017-08-28,4344175.0,0,1
2017-08-29,4334517.0,1,1
2017-08-30,4262065.0,2,1
2017-08-31,4264304.0,3,1
2017-09-01,4201096.0,4,1
2017-09-02,3776631.0,5,1
2017-09-03,3522550.0,6,1
2017-09-04,4246168.0,0,1
2017-09-05,4466730.0,1,1
2017-09-06,4494635.0,2,1
2017-09-07,4442131.0,3,1
2017-09-08,4294967.0,4,1
2017-09-09,3781652.0,5,1
2017-09-10,3428087.0,6,1
2017-09-11,3994800.0,0,1
2017-09-12,4266454.0,1,1
2017-09-13,4342781.0,2,1
2017-09-14,4344094.0,3,1
2017-09-15,4139781.0,4,1
2017-09-16,3655345.0,5,1
2017-09-17,3382738.0,6,1
2017-09-18,4044529.0,0,1
2017-09-19,4163854.0,1,1
2017-09-20,4186617.0,2,1
2017-09-21,4194112.0,3,1
2017-09-22,4186155.0,4,1
2017-09-23,3758538.0,5,1
2017-09-24,3464181.0,6,1
2017-09-25,4102075.0,0,1
2017-09-26,4212861.0,1,1
2017-09-27,4226426.0,2,1
2017-09-28,4214969.0,3,1
2017-09-29,4200619.0,4,1
2017-09-30,3746255.0,5,1
2017-10-01,3433391.0,6,1
2017-10-02,4140565.0,0,1
2017-10-03,4162692.0,1,1
2017-10-04,4264548.0,2,1
2017-10-05,4290755.0,3,1
2017-10-06,4244847.0,4,1
2017-10-07,3719332.0,5,1
2017-10-08,3429665.0,6,1
2017-10-09,4005998.0,0,1
2017-10-10,4168701.0,1,1
2017-10-11,4139265.0,2,1
2017-10-12,3553048.0,3,0
2017-10-13,3813382.0,4,1
2017-10-14,3628556.0,5,1
2017-10-15,3378043.0,6,1
2017-10-16,4071064.0,0,1
2017-10-17,4146309.0,1,1
2017-10-18,4152021.0,2,1
2017-10-19,4068248.0,3,1
2017-10-20,4077045.0,4,1
2017-10-21,3638069.0,5,1
2017-10-22,3336388.0,6,1
2017-10-23,4001023.0,0,1
2017-10-24,4127609.0,1,1
2017-10-25,4163694.0,2,1
2017-10-26,4126446.0,3,1
2017-10-27,4085376.0,4,1
2017-10-28,3587079.0,5,1
2017-10-29,3429856.0,6,1
2017-10-30,3981650.0,0,1
2017-10-31,4098787.0,1,1
2017-11-01,3495098.0,2,0
2017-11-02,4034229.0,3,1
2017-11-03,4109962.0,4,1
2017-11-04,3668595.0,5,1
2017-11-05,3364974.0,6,1
2017-11-06,4051037.0,0,1
2017-11-07,4214089.0,1,1
2017-11-08,4284914.0,2,1
2017-11-09,4284446.0,3,1
2017-11-10,4326575.0,4,1
2017-11-11,3867724.0,5,1
2017-11-12,3560296.0,6,1
2017-11-13,4268237.0,0,1
2017-11-14,4446431.0,1,1
2017-11-15,4513728.0,2,1
2017-11-16,4514065.0,3,1
2017-11-17,4443385.0,4,1
2017-11-18,3962923.0,5,1
2017-11-19,3675272.0,6,1
2017-11-20,4405417.0,0,1
2017-11-21,4510122.0,1,1
2017-11-22,4559226.0,2,1
2017-11-23,4483532.0,3,1
2017-11-24,4430726.0,4,1
2017-11-25,3978569.0,5,1
2017-11-26,3699641.0,6,1
2017-11-27,4498831.0,0,1
2017-11-28,4646046.0,1,1
2017-11-29,4668600.0,2,1
2017-11-30,4695378.0,3,1
2017-12-01,4749603.0,4,1
2017-12-02,4372288.0,5,1
2017-12-03,4089073.0,6,1
2017-12-04,4808581.0,0,1
2017-12-05,4871830.0,1,1
2017-12-06,4341100.0,2,0
2017-12-07,4467540.0,3,1
2017-12-08,4115422.0,4,0
2017-12-09,4079991.0,5,1
2017-12-10,3898001.0,6,1
2017-12-11,4591850.0,0,1
2017-12-12,4726325.0,1,1
2017-12-13,4803493.0,2,1
2017-12-14,4738934.0,3,1
2017-12-15,4598951.0,4,1
2017-12-16,4158641.0,5,1
2017-12-17,3962674.0,6,1
2017-12-18,4743332.0,0,1
2017-12-19,4775188.0,1,1
2017-12-20,4786884.0,2,1
2017-12-21,4697641.0,3,1
2017-12-22,4534334.0,4,1
2017-12-23,3997941.0,5,1
2017-12-24,3668828.0,6,1
2017-12-25,3392811.0,0,0
2017-12-26,3993045.0,1,1
2017-12-27,4226661.0,2,1
2017-12-28,4185891.0,3,1
2017-12-29,4055425.0,4,1
2017-12-30,3699914.0,5,1
2017-12-31,3486057.0,6,1
2018-01-01,3233704.0,0,0
2018-01-02,4110332.0,1,1
2018-01-03,4294141.0,2,1
2018-01-04,4296914.0,3,1
2018-01-05,4129673.0,4,1
2018-01-06,3636636.0,5,0
2018-01-07,3846881.0,6,1
2018-01-08,4693067.0,0,1
2018-01-09,4903368.0,1,1
2018-01-10,4799158.0,2,1
2018-01-11,4782244.0,3,1
2018-01-12,4800189.0,4,1
2018-01-13,4363856.0,5,1
2018-01-14,4054691.0,6,1
2018-01-15,4779787.0,0,1
2018-01-16,4777967.0,1,1
2018-01-17,4704325.0,2,1
2018-01-18,4689460.0,3,1
2018-01-19,4651987.0,4,1
2018-01-20,4120121.0,5,1
2018-01-21,3768732.0,6,1
2018-01-22,4437649.0,0,1
2018-01-23,4527778.0,1,1
2018-01-24,4547418.0,2,1
2018-01-25,4615800.0,3,1
2018-01-26,4692842.0,4,1
2018-01-27,4210819.0,5,1
2018-01-28,3916922.0,6,1
2018-01-29,4544867.0,0,1
2018-01-30,4639016.0,1,1
2018-01-31,4626423.0,2,1
2018-02-01,4735057.0,3,1
2018-02-02,4790635.0,4,1
2018-02-03,4316321.0,5,1
2018-02-04,4102171.0,6,1
2018-02-05,4871798.0,0,1
2018-02-06,4941489.0,1,1
2018-02-07,4990293.0,2,1
2018-02-08,5040120.0,3,1
2018-02-09,4987007.0,4,1
2018-02-10,4421638.0,5,1
2018-02-11,4024308.0,6,1
2018-02-12,4747047.0,0,1
2018-02-13,4877817.0,1,1
2018-02-14,4826050.0,2,1
2018-02-15,4681896.0,3,1
2018-02-16,4573207.0,4,1
2018-02-17,4085295.0,5,1
2018-02-18,3824599.0,6,1
2018-02-19,4527493.0,0,1
2018-02-20,4575391.0,1,1
2018-02-21,4600300.0,2,1
2018-02-22,4685908.0,3,1
2018-02-23,4721030.0,4,1
2018-02-24,4227519.0,5,1
2018-02-25,3898502.0,6,1
2018-02-26,4636778.0,0,1
2018-02-27,4876829.0,1,1
2018-02-28,4801186.0,2,1
2018-03-01,4766283.0,3,1
2018-03-02,4736561.0,4,1
2018-03-03,4107667.0,5,1
2018-03-04,3782611.0,6,1
2018-03-05,4539715.0,0,1
2018-03-06,4639700.0,1,1
2018-03-07,4590777.0,2,1
2018-03-08,4548739.0,3,1
2018-03-09,4492497.0,4,1
2018-03-10,3967108.0,5,1
2018-03-11,3723204.0,6,1
2018-03-12,4416176.0,0,1
2018-03-13,4494146.0,1,1
2018-03-14,4529590.0,2,1
2018-03-15,4492738.0,3,1
2018-03-16,4434396.0,4,1
2018-03-17,4065432.0,5,1
2018-03-18,3753682.0,6,1
2018-03-19,4450795.0,0,1
2018-03-20,4748903.0,1,1
2018-03-21,4725147.0,2,1
2018-03-22,4654130.0,3,1
2018-03-23,4636433.0,4,1
2018-03-24,4187942.0,5,1
2018-03-25,3677395.0,6,1
2018-03-26,4422289.0,0,1
2018-03-27,4372462.0,1,1
2018-03-28,4203347.0,2,1
2018-03-29,3731812.0,3,0
2018-03-30,3500000.0,4,0
2018-03-31,3619762.0,5,1
2018-04-01,3419074.0,6,1
2018-04-02,3769251.0,0,1
2018-04-03,4210587.0,1,1
2018-04-04,4293784.0,2,1
2018-04-05,4204499.0,3,1
2018-04-06,4238921.0,4,1
2018-04-07,3854771.0,5,1
2018-04-08,3552865.0,6,1
2018-04-09,4228223.0,0,1
2018-04-10,4479883.0,1,1
2018-04-11,4510346.0,2,1
2018-04-12,4462620.0,3,1
2018-04-13,4423127.0,4,1
2018-04-14,3859970.0,5,1
2018-04-15,3548349.0,6,1
2018-04-16,4184035.0,0,1
2018-04-17,4193100.0,1,1
2018-04-18,4144201.0,2,1
2018-04-19,4086006.0,3,1
2018-04-20,4050453.0,4,1
2018-04-21,3640849.0,5,1
2018-04-22,3347283.0,6,1
2018-04-23,3910564.0,0,1
2018-04-24,4073802.0,1,1
2018-04-25,4105939.0,2,1
2018-04-26,4074327.0,3,1
2018-04-27,4050314.0,4,1
2018-04-28,3620626.0,5,1
2018-04-29,3341808.0,6,1
2018-04-30,3709727.0,0,1
2018-05-01,3347312.0,1,0
2018-05-02,3937681.0,2,1
2018-05-03,4117571.0,3,1
2018-05-04,4118439.0,4,1
2018-05-05,3671489.0,5,1
2018-05-06,3350454.0,6,1
2018-05-07,3999052.0,0,1
2018-05-08,4096787.0,1,1
2018-05-09,4087855.0,2,1
2018-05-10,4074929.0,3,1
2018-05-11,4062243.0,4,1
2018-05-12,3648653.0,5,1
2018-05-13,3359652.0,6,1
2018-05-14,3967651.0,0,1
2018-05-15,4027292.0,1,1
2018-05-16,4110367.0,2,1
2018-05-17,4084459.0,3,1
2018-05-18,4055356.0,4,1
2018-05-19,3640392.0,5,1
2018-05-20,3336430.0,6,1
2018-05-21,3896751.0,0,1
2018-05-22,4061689.0,1,1
2018-05-23,4119124.0,2,1
2018-05-24,4122692.0,3,1
2018-05-25,4087340.0,4,1
2018-05-26,3630016.0,5,1
2018-05-27,3322611.0,6,1
2018-05-28,3959787.0,0,1
2018-05-29,4070880.0,1,1
2018-05-30,4038056.0,2,1
2018-05-31,3999775.0,3,1
2018-06-01,4006140.0,4,1
2018-06-02,3594793.0,5,1
2018-06-03,3275537.0,6,1
2018-06-04,3944900.0,0,1
2018-06-05,4063893.0,1,1
2018-06-06,4053099.0,2,1
2018-06-07,4034176.0,3,1
2018-06-08,4043448.0,4,1
2018-06-09,3620524.0,5,1
2018-06-10,3337192.0,6,1
2018-06-11,3995385.0,0,1
2018-06-12,4129501.0,1,1
2018-06-13,4162333.0,2,1
2018-06-14,4168369.0,3,1
2018-06-15,4158847.0,4,1
2018-06-16,3787244.0,5,1
2018-06-17,3501438.0,6,1
2018-06-18,4201533.0,0,1
2018-06-19,4346550.0,1,1
2018-06-20,4434426.0,2,1
2018-06-21,4491282.0,3,1
2018-06-22,4491838.0,4,1
2018-06-23,4041033.0,5,1
2018-06-24,3729748.0,6,1
2018-06-25,4454134.0,0,1
2018-06-26,4567795.0,1,1
2018-06-27,4547616.0,2,1
2018-06-28,4494097.0,3,1
2018-06-29,4410220.0,4,1
2018-06-30,3989603.0,5,1
2018-07-01,3649546.0,6,1
2018-07-02,4312596.0,0,1
2018-07-03,4506119.0,1,1
2018-07-04,4466348.0,2,1
2018-07-05,4441343.0,3,1
2018-07-06,4420409.0,4,1
2018-07-07,3995089.0,5,1
2018-07-08,3693845.0,6,1
2018-07-09,4532161.0,0,1
2018-07-10,4646812.0,1,1
2018-07-11,4626473.0,2,1
2018-07-12,4560833.0,3,1
2018-07-13,4538922.0,4,1
2018-07-14,4043315.0,5,1
2018-07-15,3678067.0,6,1
2018-07-16,4357594.0,0,1
2018-07-17,4535499.0,1,1
2018-07-18,4594265.0,2,1
2018-07-19,4608915.0,3,1
2018-07-20,4529236.0,4,1
2018-07-21,3973845.0,5,1
2018-07-22,3602894.0,6,1
2018-07-23,4426520.0,0,1
2018-07-24,4582597.0,1,1
2018-07-25,4521238.0,2,1
2018-07-26,4581655.0,3,1
2018-07-27,4562389.0,4,1
2018-07-28,4087772.0,5,1
2018-07-29,3725106.0,6,1
2018-07-30,4425235.0,0,1
2018-07-31,4541990.0,1,1
2018-08-01,4677336.0,2,1
2018-08-02,4806045.0,3,1
2018-08-03,4862956.0,4,1
2018-08-04,4323414.0,5,1
2018-08-05,4005784.0,6,1
2018-08-06,4708957.0,0,1
2018-08-07,4722761.0,1,1
2018-08-08,4605750.0,2,1
2018-08-09,4459055.0,3,1
2018-08-10,4312624.0,4,1
2018-08-11,3996815.0,5,1
2018-08-12,3760798.0,6,1
2018-08-13,4226402.0,0,1
2018-08-14,4201811.0,1,1
2018-08-15,3757729.0,2,0
2018-08-16,4122195.0,3,1
2018-08-17,4038851.0,4,1
2018-08-18,3687930.0,5,1
2018-08-19,3511361.0,6,1
2018-08-20,4185655.0,0,1
2018-08-21,4355444.0,1,1
2018-08-22,4415560.0,2,1
2018-08-23,4408423.0,3,1
2018-08-24,4364284.0,4,1
2018-08-25,3910373.0,5,1
2018-08-26,3619041.0,6,1
2018-08-27,4441147.0,0,1
2018-08-28,4590327.0,1,1
2018-08-29,4564931.0,2,1
2018-08-30,4552374.0,3,1
2018-08-31,4496882.0,4,1
2018-09-01,4042189.0,5,1
2018-09-02,3801777.0,6,1
2018-09-03,4483448.0,0,1
2018-09-04,4530042.0,1,1
2018-09-05,4483694.0,2,1
2018-09-06,4382857.0,3,1
2018-09-07,4310498.0,4,1
2018-09-08,3784078.0,5,1
2018-09-09,3492310.0,6,1
2018-09-10,4093808.0,0,1
2018-09-11,4148080.0,1,1
2018-09-12,4410133.0,2,1
2018-09-13,4444738.0,3,1
2018-09-14,4410999.0,4,1
2018-09-15,3853940.0,5,1
2018-09-16,3566727.0,6,1
2018-09-17,4305592.0,0,1
2018-09-18,4398991.0,1,1
2018-09-19,4440059.0,2,1
2018-09-20,4472970.0,3,1
2018-09-21,4450516.0,4,1
2018-09-22,3985753.0,5,1
2018-09-23,3699191.0,6,1
2018-09-24,4379119.0,0,1
2018-09-25,4427776.0,1,1
2018-09-26,4387035.0,2,1
2018-09-27,4331671.0,3,1
2018-09-28,4282442.0,4,1
2018-09-29,3790199.0,5,1
2018-09-30,3483406.0,6,1
2018-10-01,4116631.0,0,1
2018-10-02,4169606.0,1,1
2018-10-03,4193972.0,2,1
2018-10-04,4206039.0,3,1
2018-10-05,4150969.0,4,1
2018-10-06,3709323.0,5,1
2018-10-07,3412442.0,6,1
2018-10-08,3977284.0,0,1
2018-10-09,4019901.0,1,1
2018-10-10,4094662.0,2,1
2018-10-11,4078110.0,3,1
2018-10-12,3517896.0,4,0
2018-10-13,3536143.0,5,1
2018-10-14,3368173.0,6,1
2018-10-15,3958956.0,0,1
2018-10-16,4082572.0,1,1
2018-10-17,4124165.0,2,1
2018-10-18,4120924.0,3,1
2018-10-19,4081112.0,4,1
2018-10-20,3624965.0,5,1
2018-10-21,3362137.0,6,1
2018-10-22,3989612.0,0,1
2018-10-23,4081164.0,1,1
2018-10-24,4073665.0,2,1
2018-10-25,4075437.0,3,1
2018-10-26,4081782.0,4,1
2018-10-27,3670981.0,5,1
2018-10-28,3606327.0,6,1
2018-10-29,4275674.0,0,1
2018-10-30,4438017.0,1,1
2018-10-31,4397952.0,2,1
2018-11-01,3723884.0,3,0
2018-11-02,3962606.0,4,1
2018-11-03,3750772.0,5,1
2018-11-04,3560365.0,6,1
2018-11-05,4290539.0,0,1
2018-11-06,4415231.0,1,1
2018-11-07,4422690.0,2,1
2018-11-08,4431203.0,3,1
2018-11-09,4356531.0,4,1
2018-11-10,3904621.0,5,1
2018-11-11,3589286.0,6,1
2018-11-12,4263791.0,0,1
2018-11-13,4312048.0,1,1
2018-11-14,4305991.0,2,1
2018-11-15,4302337.0,3,1
2018-11-16,4261133.0,4,1
2018-11-17,3795559.0,5,1
2018-11-18,3590524.0,6,1
2018-11-19,4286362.0,0,1
2018-11-20,4443613.0,1,1
2018-11-21,4467163.0,2,1
2018-11-22,4490570.0,3,1
2018-11-23,4461064.0,4,1
2018-11-24,3998870.0,5,1
2018-11-25,3765224.0,6,1
2018-11-26,4453534.0,0,1
2018-11-27,4545796.0,1,1
2018-11-28,4559887.0,2,1
2018-11-29,4578318.0,3,1
2018-11-30,4509129.0,4,1
2018-12-01,4033349.0,5,1
2018-12-02,3747070.0,6,1
2018-12-03,4383703.0,0,1
2018-12-04,4431741.0,1,1
2018-12-05,4396521.0,2,1
2018-12-06,3853917.0,3,0
2018-12-07,4024696.0,4,1
2018-12-08,3763145.0,5,0
2018-12-09,3658034.0,6,1
2018-12-10,4386922.0,0,1
2018-12-11,4531938.0,1,1
2018-12-12,4581465.0,2,1
2018-12-13,4645053.0,3,1
2018-12-14,4579671.0,4,1
2018-12-15,4102046.0,5,1
2018-12-16,3859403.0,6,1
2018-12-17,4575483.0,0,1
2018-12-18,4722553.0,1,1
2018-12-19,4630763.0,2,1
2018-12-20,4568502.0,3,1
2018-12-21,4405469.0,4,1
2018-12-22,3909852.0,5,1
2018-12-23,3668856.0,6,1
2018-12-24,3672049.0,0,1
2018-12-25,3215768.0,1,0
2018-12-26,3818073.0,2,1
2018-12-27,4107085.0,3,1
2018-12-28,4121884.0,4,1
2018-12-29,3835129.0,5,1
2018-12-30,3636728.0,6,1
2018-12-31,3730835.0,0,1
2019-01-01,3324476.0,1,0
2019-01-02,4237206.0,2,1
2019-01-03,4501745.0,3,1
2019-01-04,4531560.0,4,1
2019-01-05,4102440.0,5,1
2019-01-06,3771411.0,6,0
2019-01-07,4365051.0,0,1
2019-01-08,4831293.0,1,1
2019-01-09,4842258.0,2,1
2019-01-10,4899723.0,3,1
2019-01-11,4956196.0,4,1
2019-01-12,4411394.0,5,1
2019-01-13,4126500.0,6,1
2019-01-14,4780555.0,0,1
2019-01-15,4835153.0,1,1
2019-01-16,4853460.0,2,1
2019-01-17,4868526.0,3,1
2019-01-18,4863887.0,4,1
2019-01-19,4389991.0,5,1
2019-01-20,4039985.0,6,1
2019-01-21,4761533.0,0,1
2019-01-22,4963874.0,1,1
2019-01-23,4907550.0,2,1
2019-01-24,4804591.0,3,1
2019-01-25,4671549.0,4,1
2019-01-26,4134328.0,5,1
2019-01-27,3887427.0,6,1
2019-01-28,4634266.0,0,1
2019-01-29,4747473.0,1,1
2019-01-30,4742852.0,2,1
2019-01-31,4711100.0,3,1
2019-02-01,4645823.0,4,1
2019-02-02,4246028.0,5,1
2019-02-03,3991225.0,6,1
2019-02-04,4741973.0,0,1
2019-02-05,4730861.0,1,1
2019-02-06,4643259.0,2,1
2019-02-07,4599388.0,3,1
2019-02-08,4545138.0,4,1
2019-02-09,4089851.0,5,1
2019-02-10,3835892.0,6,1
2019-02-11,4451952.0,0,1
2019-02-12,4565267.0,1,1
2019-02-13,4535495.0,2,1
2019-02-14,4514143.0,3,1
2019-02-15,4488093.0,4,1
2019-02-16,4004981.0,5,1
2019-02-17,3729716.0,6,1
2019-02-18,4441134.0,0,1
2019-02-19,4502848.0,1,1
2019-02-20,4471318.0,2,1
2019-02-21,4474464.0,3,1
2019-02-22,4381401.0,4,1
2019-02-23,3911968.0,5,1
2019-02-24,3612081.0,6,1
2019-02-25,4274830.0,0,1
2019-02-26,4329681.0,1,1
2019-02-27,4317108.0,2,1
2019-02-28,4218980.0,3,1
2019-03-01,4261822.0,4,1
2019-03-02,3828336.0,5,1
2019-03-03,3536857.0,6,1
2019-03-04,4160544.0,0,1
2019-03-05,4267653.0,1,1
2019-03-06,4384534.0,2,1
2019-03-07,4327592.0,3,1
2019-03-08,4255649.0,4,1
2019-03-09,3800309.0,5,1
2019-03-10,3487405.0,6,1
2019-03-11,4111568.0,0,1
2019-03-12,4223184.0,1,1
2019-03-13,4285304.0,2,1
2019-03-14,4276323.0,3,1
2019-03-15,4196071.0,4,1
2019-03-16,3744065.0,5,1
2019-03-17,3481408.0,6,1
2019-03-18,4030233.0,0,1
2019-03-19,4002429.0,1,1
2019-03-20,4278210.0,2,1
2019-03-21,4304944.0,3,1
2019-03-22,4257422.0,4,1
2019-03-23,3797925.0,5,1
2019-03-24,3478055.0,6,1
2019-03-25,4076903.0,0,1
2019-03-26,4174418.0,1,1
2019-03-27,4181432.0,2,1
2019-03-28,4180564.0,3,1
2019-03-29,4168193.0,4,1
2019-03-30,3749410.0,5,1
2019-03-31,3386791.0,6,1
2019-04-01,4159669.0,0,1
2019-04-02,4232110.0,1,1
2019-04-03,4244477.0,2,1
2019-04-04,4264665.0,3,1
2019-04-05,4334100.0,4,1
2019-04-06,3878907.0,5,1
2019-04-07,3620613.0,6,1
2019-04-08,4257953.0,0,1
2019-04-09,4339913.0,1,1
2019-04-10,4326728.0,2,1
2019-04-11,4300968.0,3,1
2019-04-12,4200875.0,4,1
2019-04-13,3735230.0,5,1
2019-04-14,3439839.0,6,1
2019-04-15,4017382.0,0,1
2019-04-16,4052291.0,1,1
2019-04-17,4017509.0,2,1
2019-04-18,3582305.0,3,0
2019-04-19,3297799.0,4,0
2019-04-20,3371818.0,5,1
2019-04-21,3253017.0,6,1
2019-04-22,3527569.0,0,1
2019-04-23,3897353.0,1,1
2019-04-24,4167266.0,2,1
2019-04-25,4168643.0,3,1
2019-04-26,4070964.0,4,1
2019-04-27,3597705.0,5,1
2019-04-28,3232199.0,6,1
2019-04-29,3837021.0,0,1
2019-04-30,3928844.0,1,1
2019-05-01,3309140.0,2,0
2019-05-02,3803344.0,3,1
2019-05-03,3942295.0,4,1
2019-05-04,3595429.0,5,1
2019-05-05,3322329.0,6,1
2019-05-06,3927487.0,0,1
2019-05-07,4055615.0,1,1
2019-05-08,4101436.0,2,1
2019-05-09,4094017.0,3,1
2019-05-10,4052595.0,4,1
2019-05-11,3620327.0,5,1
2019-05-12,3309971.0,6,1
2019-05-13,3921232.0,0,1
2019-05-14,4065971.0,1,1
2019-05-15,4055602.0,2,1
2019-05-16,4100480.0,3,1
2019-05-17,4001563.0,4,1
2019-05-18,3569415.0,5,1
2019-05-19,3307189.0,6,1
2019-05-20,3918459.0,0,1
2019-05-21,4033623.0,1,1
2019-05-22,4079573.0,2,1
2019-05-23,4076157.0,3,1
2019-05-24,4044526.0,4,1
2019-05-25,3602694.0,5,1
2019-05-26,3283446.0,6,1
2019-05-27,3962785.0,0,1
2019-05-28,4091259.0,1,1
2019-05-29,4082714.0,2,1
2019-05-30,4058732.0,3,1
2019-05-31,4071043.0,4,1
2019-06-01,3714712.0,5,1
2019-06-02,3439619.0,6,1
2019-06-03,4119203.0,0,1
2019-06-04,4221958.0,1,1
2019-06-05,4132133.0,2,1
2019-06-06,4078360.0,3,1
2019-06-07,4060998.0,4,1
2019-06-08,3656880.0,5,1
2019-06-09,3365234.0,6,1
2019-06-10,3907928.0,0,1
2019-06-11,4041877.0,1,1
2019-06-12,4082584.0,2,1
2019-06-13,4106572.0,3,1
2019-06-14,4084595.0,4,1
2019-06-15,3675219.0,5,1
2019-06-16,3390845.0,6,1
2019-06-17,4039427.0,0,1
2019-06-18,4176766.0,1,1
2019-06-19,4208290.0,2,1
2019-06-20,4153279.0,3,1
2019-06-21,4130741.0,4,1
2019-06-22,3789746.0,5,1
2019-06-23,3513182.0,6,1
2019-06-24,3874675.0,0,1
2019-06-25,4347195.0,1,1
2019-06-26,4507293.0,2,1
2019-06-27,4600595.0,3,1
2019-06-28,4664563.0,4,1
2019-06-29,4259485.0,5,1
2019-06-30,3940393.0,6,1
2019-07-01,4547494.0,0,1
2019-07-02,4610815.0,1,1
2019-07-03,4603979.0,2,1
2019-07-04,4595058.0,3,1
2019-07-05,4595526.0,4,1
2019-07-06,4157394.0,5,1
2019-07-07,3835140.0,6,1
2019-07-08,4407424.0,0,1
2019-07-09,4376509.0,1,1
2019-07-10,4461876.0,2,1
2019-07-11,4651645.0,3,1
2019-07-12,4698424.0,4,1
2019-07-13,4172488.0,5,1
2019-07-14,3752555.0,6,1
2019-07-15,4499102.0,0,1
2019-07-16,4583596.0,1,1
2019-07-17,4527327.0,2,1
2019-07-18,4561839.0,3,1
2019-07-19,4632496.0,4,1
2019-07-20,4212484.0,5,1
2019-07-21,3903437.0,6,1
2019-07-22,4729883.0,0,1
2019-07-23,4872557.0,1,1
2019-07-24,4877662.0,2,1
2019-07-25,4732486.0,3,1
2019-07-26,4574046.0,4,1
2019-07-27,3950519.0,5,1
2019-07-28,3581986.0,6,1
2019-07-29,4294760.0,0,1
2019-07-30,4373547.0,1,1
2019-07-31,4306898.0,2,1
2019-08-01,4452375.0,3,1
2019-08-02,4426552.0,4,1
2019-08-03,3979167.0,5,1
2019-08-04,3718244.0,6,1
2019-08-05,4359526.0,0,1
2019-08-06,4480190.0,1,1
2019-08-07,4430402.0,2,1
2019-08-08,4510535.0,3,1
2019-08-09,4516736.0,4,1
2019-08-10,4050108.0,5,1
2019-08-11,3660111.0,6,1
2019-08-12,4006177.0,0,1
2019-08-13,4014902.0,1,1
2019-08-14,4078278.0,2,1
2019-08-15,3727652.0,3,0
2019-08-16,4044195.0,4,1
2019-08-17,3896404.0,5,1
2019-08-18,3672662.0,6,1
2019-08-19,4212771.0,0,1
2019-08-20,4203752.0,1,1
2019-08-21,4186016.0,2,1
2019-08-22,4222592.0,3,1
2019-08-23,4219218.0,4,1
2019-08-24,3869212.0,5,1
2019-08-25,3612023.0,6,1
2019-08-26,4256874.0,0,1
2019-08-27,4248513.0,1,1
2019-08-28,4306651.0,2,1
2019-08-29,4402854.0,3,1
2019-08-30,4445148.0,4,1
2019-08-31,3974108.0,5,1
2019-09-01,3685594.0,6,1
2019-09-02,4339370.0,0,1
2019-09-03,4524158.0,1,1
2019-09-04,4557663.0,2,1
2019-09-05,4425378.0,3,1
2019-09-06,4265955.0,4,1
2019-09-07,3799652.0,5,1
2019-09-08,3511195.0,6,1
2019-09-09,4103016.0,0,1
2019-09-10,4120845.0,1,1
2019-09-11,3939691.0,2,1
2019-09-12,4061652.0,3,1
2019-09-13,3998021.0,4,1
2019-09-14,3598864.0,5,1
2019-09-15,3385806.0,6,1
2019-09-16,4079794.0,0,1
2019-09-17,4211709.0,1,1
2019-09-18,4220876.0,2,1
2019-09-19,4238035.0,3,1
2019-09-20,4185951.0,4,1
2019-09-21,3713319.0,5,1
2019-09-22,3400750.0,6,1
2019-09-23,3980747.0,0,1
2019-09-24,4119686.0,1,1
2019-09-25,4186733.0,2,1
2019-09-26,4194822.0,3,1
2019-09-27,4171596.0,4,1
2019-09-28,3690937.0,5,1
2019-09-29,3383973.0,6,1
2019-09-30,4051412.0,0,1
2019-10-01,4199695.0,1,1
2019-10-02,4148403.0,2,1
2019-10-03,4082607.0,3,1
2019-10-04,4074922.0,4,1
2019-10-05,3650131.0,5,1
2019-10-06,3366565.0,6,1
2019-10-07,4009651.0,0,1
2019-10-08,4141885.0,1,1
2019-10-09,4048271.0,2,1
2019-10-10,4103843.0,3,1
2019-10-11,4052406.0,4,1
2019-10-12,3511314.0,5,0
2019-10-13,3340119.0,6,1
2019-10-14,3997151.0,0,1
2019-10-15,3998955.0,1,1
2019-10-16,4033133.0,2,1
2019-10-17,4052362.0,3,1
2019-10-18,3976228.0,4,1
2019-10-19,3604147.0,5,1
2019-10-20,3324964.0,6,1
2019-10-21,3945462.0,0,1
2019-10-22,4118041.0,1,1
2019-10-23,4150826.0,2,1
2019-10-24,4127747.0,3,1
2019-10-25,4082041.0,4,1
2019-10-26,3606508.0,5,1
2019-10-27,3476350.0,6,1
2019-10-28,3981354.0,0,1
2019-10-29,4083703.0,1,1
2019-10-30,4077953.0,2,1
2019-10-31,4013480.0,3,1
2019-11-01,3466559.0,4,0
2019-11-02,3449776.0,5,1
2019-11-03,3309287.0,6,1
2019-11-04,3997167.0,0,1
2019-11-05,4124322.0,1,1
2019-11-06,4141386.0,2,1
2019-11-07,4219676.0,3,1
2019-11-08,4274398.0,4,1
2019-11-09,3837233.0,5,1
2019-11-10,3560206.0,6,1
2019-11-11,4325957.0,0,1
2019-11-12,4397309.0,1,1
2019-11-13,4416798.0,2,1
2019-11-14,4508264.0,3,1
2019-11-15,4510960.0,4,1
2019-11-16,4042942.0,5,1
2019-11-17,3814482.0,6,1
2019-11-18,4468624.0,0,1
2019-11-19,4629077.0,1,1
2019-11-20,4669162.0,2,1
2019-11-21,4660302.0,3,1
2019-11-22,4627113.0,4,1
2019-11-23,3986545.0,5,1
2019-11-24,3710464.0,6,1
2019-11-25,4391276.0,0,1
2019-11-26,4455672.0,1,1
2019-11-27,4387989.0,2,1
2019-11-28,4395512.0,3,1
2019-11-29,4319513.0,4,1
2019-11-30,3840565.0,5,1
2019-12-01,3648848.0,6,1
2019-12-02,4336796.0,0,1
2019-12-03,4474344.0,1,1
2019-12-04,4535629.0,2,1
2019-12-05,4485744.0,3,1
2019-12-06,3915251.0,4,0
2019-12-07,3833471.0,5,1
2019-12-08,3675284.0,6,0
2019-12-09,4127761.0,0,1
2019-12-10,4474279.0,1,1
2019-12-11,4553580.0,2,1
2019-12-12,4640012.0,3,1
2019-12-13,4486280.0,4,1
2019-12-14,3958723.0,5,1
2019-12-15,3734995.0,6,1
2019-12-16,4415001.0,0,1
2019-12-17,4492270.0,1,1
2019-12-18,4496653.0,2,1
2019-12-19,4492205.0,3,1
2019-12-20,4245437.0,4,1
2019-12-21,3731300.0,5,1
2019-12-22,3464450.0,6,1
2019-12-23,3784935.0,0,1
2019-12-24,3462050.0,1,1
2019-12-25,3008804.0,2,0
2019-12-26,3512403.0,3,1
2019-12-27,3794517.0,4,1
2019-12-28,3631441.0,5,1
2019-12-29,3470941.0,6,1
2019-12-30,3882176.0,0,1
2019-12-31,3714012.0,1,1
2020-01-01,3276601.0,2,0
2020-01-02,4104515.0,3,1
2020-01-03,4277206.0,4,1
2020-01-04,3938012.0,5,1
2020-01-05,3719952.0,6,1
2020-01-06,3604841.0,0,0
2020-01-07,4508396.0,1,1
2020-01-08,4683000.0,2,1
2020-01-09,4711597.0,3,1
2020-01-10,4684693.0,4,1
2020-01-11,4210343.0,5,1
2020-01-12,3988401.0,6,1
2020-01-13,4778074.0,0,1
2020-01-14,4828427.0,1,1
2020-01-15,4765776.0,2,1
2020-01-16,4711909.0,3,1
2020-01-17,4636272.0,4,1
2020-01-18,4159440.0,5,1
2020-01-19,3920928.0,6,1
2020-01-20,4834051.0,0,1
2020-01-21,4963903.0,1,1
2020-01-22,4847442.0,2,1
2020-01-23,4765863.0,3,1
2020-01-24,4703356.0,4,1
2020-01-25,4183791.0,5,1
2020-01-26,3849541.0,6,1
2020-01-27,4605611.0,0,1
2020-01-28,4613713.0,1,1
2020-01-29,4534087.0,2,1
2020-01-30,4455150.0,3,1
2020-01-31,4380423.0,4,1
2020-02-01,3882229.0,5,1
2020-02-02,3577059.0,6,1
2020-02-03,4166561.0,0,1
2020-02-04,4262291.0,1,1
2020-02-05,4318541.0,2,1
2020-02-06,4383721.0,3,1
2020-02-07,4408873.0,4,1
2020-02-08,3978106.0,5,1
2020-02-09,3700978.0,6,1
2020-02-10,4288790.0,0,1
2020-02-11,4355881.0,1,1
2020-02-12,4380645.0,2,1
2020-02-13,4344330.0,3,1
2020-02-14,4318533.0,4,1
2020-02-15,3857441.0,5,1
2020-02-16,3581788.0,6,1
2020-02-17,4216760.0,0,1
2020-02-18,4364223.0,1,1
2020-02-19,4363724.0,2,1
2020-02-20,4355420.0,3,1
2020-02-21,4289371.0,4,1
2020-02-22,3827234.0,5,1
2020-02-23,3520687.0,6,1
2020-02-24,4172590.0,0,1
2020-02-25,4241060.0,1,1
2020-02-26,4289822.0,2,1
2020-02-27,4278312.0,3,1
2020-02-28,4153019.0,4,1
2020-02-29,3827444.0,5,1
2020-03-01,3562140.0,6,1
2020-03-02,4213000.0,0,1
2020-03-03,4379982.0,1,1
2020-03-04,4317784.0,2,1
2020-03-05,4299917.0,3,1
2020-03-06,4318705.0,4,1
2020-03-07,3888091.0,5,1
2020-03-08,3592040.0,6,1
2020-03-09,4206873.0,0,1
2020-03-10,4240455.0,1,1
2020-03-11,4251344.0,2,1
2020-03-12,4208304.0,3,1
2020-03-13,4152172.0,4,1
2020-03-14,3660016.0,5,1
2020-03-15,3400008.0,6,1
2020-03-16,3991555.0,0,1
2020-03-17,4021214.0,1,1
2020-03-18,3896842.0,2,1
2020-03-19,3633178.0,3,1
2020-03-20,3698447.0,4,1
2020-03-21,3511435.0,5,1
2020-03-22,3324653.0,6,1
2020-03-23,3724209.0,0,1
2020-03-24,3772401.0,1,1
2020-03-25,3782420.0,2,1
2020-03-26,3758970.0,3,1
2020-03-27,3807026.0,4,1
2020-03-28,3445931.0,5,1
2020-03-29,3059609.0,6,1
2020-03-30,3466596.0,0,1
2020-03-31,3488382.0,1,1
2020-04-01,3442820.0,2,1
2020-04-02,3412144.0,3,1
2020-04-03,3333036.0,4,1
2020-04-04,3098446.0,5,1
2020-04-05,2952935.0,6,1
2020-04-06,3244310.0,0,1
2020-04-07,3237906.0,1,1
2020-04-08,3181027.0,2,1
2020-04-09,3039230.0,3,0
2020-04-10,2913670.0,4,0
2020-04-11,2962083.0,5,1
2020-04-12,2859121.0,6,1
2020-04-13,3088038.0,0,1
2020-04-14,3358746.0,1,1
2020-04-15,3448100.0,2,1
2020-04-16,3443742.0,3,1
2020-04-17,3418807.0,4,1
2020-04-18,3160512.0,5,1
2020-04-19,2971719.0,6,1
2020-04-20,3330946.0,0,1
2020-04-21,3459924.0,1,1
2020-04-22,3472413.0,2,1
2020-04-23,3457602.0,3,1
2020-04-24,3425319.0,4,1
2020-04-25,3192658.0,5,1
2020-04-26,2981617.0,6,1
2020-04-27,3371097.0,0,1
2020-04-28,3450344.0,1,1
2020-04-29,3463433.0,2,1
2020-04-30,3386013.0,3,1
2020-05-01,2978149.0,4,0
2020-05-02,3029908.0,5,1
2020-05-03,2941232.0,6,1
2020-05-04,3345138.0,0,1
2020-05-05,3481776.0,1,1
2020-05-06,3516873.0,2,1
2020-05-07,3467614.0,3,1
2020-05-08,3426833.0,4,1
2020-05-09,3122173.0,5,1
2020-05-10,2912461.0,6,1
2020-05-11,3363713.0,0,1
2020-05-12,3551173.0,1,1
2020-05-13,3516323.0,2,1
2020-05-14,3524500.0,3,1
2020-05-15,3446359.0,4,1
2020-05-16,3145530.0,5,1
2020-05-17,2958821.0,6,1
2020-05-18,3399587.0,0,1
2020-05-19,3507051.0,1,1
2020-05-20,3598706.0,2,1
2020-05-21,3633387.0,3,1
2020-05-22,3659520.0,4,1
2020-05-23,3328985.0,5,1
2020-05-24,3118630.0,6,1
2020-05-25,3599872.0,0,1
2020-05-26,3700772.0,1,1
2020-05-27,3729822.0,2,1
2020-05-28,3705162.0,3,1
2020-05-29,3700219.0,4,1
2020-05-30,3357965.0,5,1
2020-05-31,3105231.0,6,1
2020-06-01,3582998.0,0,1
2020-06-02,3745335.0,1,1
2020-06-03,3806278.0,2,1
2020-06-04,3725490.0,3,1
2020-06-05,3660520.0,4,1
2020-06-06,3324754.0,5,1
2020-06-07,3066333.0,6,1
2020-06-08,3550803.0,0,1
2020-06-09,3665611.0,1,1
2020-06-10,3734473.0,2,1
2020-06-11,3728123.0,3,1
2020-06-12,3692225.0,4,1
2020-06-13,3323263.0,5,1
2020-06-14,3081481.0,6,1
2020-06-15,3662145.0,0,1
2020-06-16,3755262.0,1,1
2020-06-17,3759222.0,2,1
2020-06-18,3753524.0,3,1
2020-06-19,3767697.0,4,1
2020-06-20,3490330.0,5,1
2020-06-21,3291709.0,6,1
2020-06-22,3939996.0,0,1
2020-06-23,4079618.0,1,1
2020-06-24,3839978.0,2,1
2020-06-25,4104214.0,3,1
2020-06-26,4024893.0,4,1
2020-06-27,3658070.0,5,1
2020-06-28,3484466.0,6,1
2020-06-29,4166507.0,0,1
2020-06-30,4326407.0,1,1
2020-07-01,4380147.0,2,1
2020-07-02,4384822.0,3,1
2020-07-03,4197914.0,4,1
2020-07-04,3805533.0,5,1
2020-07-05,3594453.0,6,1
2020-07-06,4341451.0,0,1
2020-07-07,4466677.0,1,1
2020-07-08,4491676.0,2,1
2020-07-09,4410916.0,3,1
2020-07-10,4315028.0,4,1
2020-07-11,3925758.0,5,1
2020-07-12,3606250.0,6,1
2020-07-13,4287810.0,0,1
2020-07-14,4317348.0,1,1
2020-07-15,4327967.0,2,1
2020-07-16,4346275.0,3,1
2020-07-17,4310005.0,4,1
2020-07-18,3918003.0,5,1
2020-07-19,3677030.0,6,1
2020-07-20,4386852.0,0,1
2020-07-21,4489243.0,1,1
2020-07-22,4446294.0,2,1
2020-07-23,4505353.0,3,1
2020-07-24,4478002.0,4,1
2020-07-25,3997696.0,5,1
2020-07-26,3779645.0,6,1
2020-07-27,4532088.0,0,1
2020-07-28,4640737.0,1,1
2020-07-29,4649022.0,2,1
2020-07-30,4701222.0,3,1
2020-07-31,4627680.0,4,1
2020-08-01,4179448.0,5,1
2020-08-02,3809513.0,6,1
2020-08-03,4222822.0,0,1
2020-08-04,4263593.0,1,1
2020-08-05,4371528.0,2,1
2020-08-06,4427981.0,3,1
2020-08-07,4422215.0,4,1
2020-08-08,3992575.0,5,1
2020-08-09,3741895.0,6,1
2020-08-10,4189799.0,0,1
2020-08-11,4168820.0,1,1
2020-08-12,4032772.0,2,1
2020-08-13,4066232.0,3,1
2020-08-14,4019878.0,4,1
2020-08-15,3558539.0,5,0
2020-08-16,3330471.0,6,1
2020-08-17,3829444.0,0,1
2020-08-18,4014405.0,1,1
2020-08-19,4123326.0,2,1
2020-08-20,4136240.0,3,1
2020-08-21,4195292.0,4,1
2020-08-22,3822182.0,5,1
2020-08-23,3522822.0,6,1
2020-08-24,4165274.0,0,1
2020-08-25,4400776.0,1,1
2020-08-26,4508774.0,2,1
2020-08-27,4543760.0,3,1
2020-08-28,4372517.0,4,1
2020-08-29,3571613.0,5,1
2020-08-30,3215011.0,6,1
2020-08-31,3864140.0,0,1
2020-09-01,3998114.0,1,1
2020-09-02,4053583.0,2,1
2020-09-03,4115199.0,3,1
2020-09-04,4135209.0,4,1
2020-09-05,3713846.0,5,1
2020-09-06,3419792.0,6,1
2020-09-07,3942129.0,0,1
2020-09-08,3989588.0,1,1
2020-09-09,4101108.0,2,1
2020-09-10,4126725.0,3,1
2020-09-11,3999549.0,4,1
2020-09-12,3725231.0,5,1
2020-09-13,3472226.0,6,1
2020-09-14,4128301.0,0,1
2020-09-15,4250982.0,1,1
2020-09-16,4313938.0,2,1
2020-09-17,4234509.0,3,1
2020-09-18,4079626.0,4,1
2020-09-19,3566160.0,5,1
2020-09-20,3276096.0,6,1
2020-09-21,3902482.0,0,1
2020-09-22,4029451.0,1,1
2020-09-23,4056344.0,2,1
2020-09-24,4052320.0,3,1
2020-09-25,3921346.0,4,1
2020-09-26,3462463.0,5,1
2020-09-27,3199703.0,6,1
2020-09-28,3801916.0,0,1
2020-09-29,3943620.0,1,1
2020-09-30,3966114.0,2,1
2020-10-01,4002749.0,3,1
2020-10-02,3972781.0,4,1
2020-10-03,3473666.0,5,1
2020-10-04,3253263.0,6,1
2020-10-05,3863449.0,0,1
2020-10-06,3966388.0,1,1
2020-10-07,4000694.0,2,1
2020-10-08,4019168.0,3,1
2020-10-09,3892236.0,4,1
2020-10-10,3482237.0,5,1
2020-10-11,3196233.0,6,1
2020-10-12,3251443.0,0,0
2020-10-13,3849616.0,1,1
2020-10-14,4011461.0,2,1
2020-10-15,4034704.0,3,1
2020-10-16,4014289.0,4,1
2020-10-17,3624510.0,5,1
2020-10-18,3330016.0,6,1
2020-10-19,3938277.0,0,1
2020-10-20,4070481.0,1,1
2020-10-21,4034581.0,2,1
2020-10-22,4055912.0,3,1
2020-10-23,3973224.0,4,1
2020-10-24,3543840.0,5,1
2020-10-25,3429216.0,6,1
2020-10-26,3924356.0,0,1
2020-10-27,4063186.0,1,1
2020-10-28,4097409.0,2,1
2020-10-29,4104081.0,3,1
2020-10-30,4043686.0,4,1
2020-10-31,3589010.0,5,1
2020-11-01,3282437.0,6,0
2020-11-02,3691896.0,0,1
2020-11-03,3996739.0,1,1
2020-11-04,4161388.0,2,1
2020-11-05,4167640.0,3,1
2020-11-06,4049384.0,4,1
2020-11-07,3615072.0,5,1
2020-11-08,3329246.0,6,1
2020-11-09,3940800.0,0,1
2020-11-10,4077698.0,1,1
2020-11-11,4123004.0,2,1
2020-11-12,4124254.0,3,1
2020-11-13,4088136.0,4,1
2020-11-14,3671712.0,5,1
2020-11-15,3337799.0,6,1
2020-11-16,3957901.0,0,1
2020-11-17,4095900.0,1,1
2020-11-18,4123692.0,2,1
2020-11-19,4080145.0,3,1
2020-11-20,4056942.0,4,1
2020-11-21,3695496.0,5,1
2020-11-22,3494218.0,6,1
2020-11-23,4190574.0,0,1
2020-11-24,4360190.0,1,1
2020-11-25,4394530.0,2,1
2020-11-26,4374137.0,3,1
2020-11-27,4333818.0,4,1
2020-11-28,3862450.0,5,1
2020-11-29,3614170.0,6,1
2020-11-30,4268152.0,0,1
2020-12-01,4285907.0,1,1
2020-12-02,4338963.0,2,1
2020-12-03,4467612.0,3,1
2020-12-04,4486421.0,4,1
2020-12-05,4089745.0,5,1
2020-12-06,3809579.0,6,0
2020-12-07,4010187.0,0,1
2020-12-08,3904601.0,1,0
2020-12-09,4554546.0,2,1
2020-12-10,4614584.0,3,1
2020-12-11,4470082.0,4,1
2020-12-12,3877545.0,5,1
2020-12-13,3680238.0,6,1
2020-12-14,4342677.0,0,1
2020-12-15,4391458.0,1,1
2020-12-16,4489695.0,2,1
2020-12-17,4477700.0,3,1
2020-12-18,4449422.0,4,1
2020-12-19,3980017.0,5,1
2020-12-20,3697116.0,6,1
2020-12-21,4287629.0,0,1
2020-12-22,4287052.0,1,1
2020-12-23,4160822.0,2,1
2020-12-24,3665693.0,3,1
2020-12-25,3249486.0,4,0
2020-12-26,3635104.0,5,1
2020-12-27,3687140.0,6,1
2020-12-28,4149036.0,0,1
2020-12-29,4185143.0,1,1
2020-12-30,4189581.0,2,1
2020-12-31,3903641.0,3,1
2021-01-01,3447073.0,4,0
2021-01-02,3867892.0,5,1
2021-01-03,3899502.0,6,1
2021-01-04,4563905.0,0,1
2021-01-05,4647728.0,1,1
2021-01-06,4026231.0,2,0
2021-01-07,4920229.0,3,1
2021-01-08,5024633.0,4,1
2021-01-09,4453040.0,5,1
2021-01-10,4234248.0,6,1
2021-01-11,4894622.0,0,1
2021-01-12,5074207.0,1,1
2021-01-13,5063772.0,2,1
2021-01-14,5038463.0,3,1
2021-01-15,4975157.0,4,1
2021-01-16,4429765.0,5,1
2021-01-17,4114808.0,6,1
2021-01-18,4805672.0,0,1
2021-01-19,4903743.0,1,1
2021-01-20,4905822.0,2,1
2021-01-21,4728292.0,3,1
2021-01-22,4580392.0,4,1
2021-01-23,4126622.0,5,1
2021-01-24,3761795.0,6,1
2021-01-25,4470663.0,0,1
2021-01-26,4438239.0,1,1
2021-01-27,4315221.0,2,1
2021-01-28,4274091.0,3,1
2021-01-29,4182768.0,4,1
2021-01-30,3846008.0,5,1
2021-01-31,3607420.0,6,1
2021-02-01,4184546.0,0,1
2021-02-02,4279406.0,1,1
2021-02-03,4264014.0,2,1
2021-02-04,4253661.0,3,1
2021-02-05,4250486.0,4,1
2021-02-06,3835359.0,5,1
2021-02-07,3629285.0,6,1
2021-02-08,4340134.0,0,1
2021-02-09,4556755.0,1,1
2021-02-10,4424690.0,2,1
2021-02-11,4366385.0,3,1
2021-02-12,4281726.0,4,1
2021-02-13,3810026.0,5,1
2021-02-14,3623200.0,6,1
2021-02-15,4261321.0,0,1
2021-02-16,4321366.0,1,1
2021-02-17,4324616.0,2,1
2021-02-18,4341119.0,3,1
2021-02-19,4299874.0,4,1
2021-02-20,3847234.0,5,1
2021-02-21,3667281.0,6,1
2021-02-22,4262300.0,0,1
2021-02-23,4313169.0,1,1
2021-02-24,4301891.0,2,1
2021-02-25,4284694.0,3,1
2021-02-26,4259867.0,4,1
2021-02-27,3815281.0,5,1
2021-02-28,3553089.0,6,1
2021-03-01,4195412.0,0,1
2021-03-02,4308682.0,1,1
2021-03-03,4287191.0,2,1
2021-03-04,4250276.0,3,1
2021-03-05,4220890.0,4,1
2021-03-06,3762634.0,5,1
2021-03-07,3553986.0,6,1
2021-03-08,4252061.0,0,1
2021-03-09,4360360.0,1,1
2021-03-10,4308790.0,2,1
2021-03-11,4245092.0,3,1
2021-03-12,4177507.0,4,1
2021-03-13,3702634.0,5,1
2021-03-14,3475485.0,6,1
2021-03-15,4137255.0,0,1
2021-03-16,4207937.0,1,1
2021-03-17,4207816.0,2,1
2021-03-18,4254006.0,3,1
2021-03-19,4040517.0,4,1
2021-03-20,3834124.0,5,1
2021-03-21,3606019.0,6,1
2021-03-22,4214942.0,0,1
2021-03-23,4243333.0,1,1
2021-03-24,4199875.0,2,1
2021-03-25,4145479.0,3,1
2021-03-26,4104919.0,4,1
2021-03-27,3704064.0,5,1
2021-03-28,3263315.0,6,1
2021-03-29,3962467.0,0,1
2021-03-30,3984613.0,1,1
2021-03-31,3897772.0,2,1
2021-04-01,3452628.0,3,0
2021-04-02,3174476.0,4,0
2021-04-03,3284395.0,5,1
2021-04-04,3136069.0,6,1
2021-04-05,3433327.0,0,1
2021-04-06,3881951.0,1,1
2021-04-07,4034244.0,2,1
2021-04-08,4066899.0,3,1
2021-04-09,4068442.0,4,1
2021-04-10,3638726.0,5,1
2021-04-11,3365750.0,6,1
2021-04-12,3939768.0,0,1
2021-04-13,4108313.0,1,1
2021-04-14,4085722.0,2,1
2021-04-15,4114432.0,3,1
2021-04-16,4059529.0,4,1
2021-04-17,3640567.0,5,1
2021-04-18,3366207.0,6,1
2021-04-19,3990157.0,0,1
2021-04-20,4064160.0,1,1
2021-04-21,4065017.0,2,1
2021-04-22,4081391.0,3,1
2021-04-23,3912160.0,4,1
2021-04-24,3541937.0,5,1
2021-04-25,3353903.0,6,1
2021-04-26,3945480.0,0,1
2021-04-27,4025484.0,1,1
2021-04-28,3983684.0,2,1
2021-04-29,3979954.0,3,1
2021-04-30,3910932.0,4,1
2021-05-01,3272449.0,5,0
2021-05-02,3163802.0,6,1
2021-05-03,3788651.0,0,1
2021-05-04,3938601.0,1,1
2021-05-05,3946874.0,2,1
2021-05-06,3923710.0,3,1
2021-05-07,3884849.0,4,1
2021-05-08,3479823.0,5,1
2021-05-09,3261671.0,6,1
2021-05-10,3818003.0,0,1
2021-05-11,3917760.0,1,1
2021-05-12,3929406.0,2,1
2021-05-13,3972195.0,3,1
2021-05-14,3918097.0,4,1
2021-05-15,3517270.0,5,1
2021-05-16,3287364.0,6,1
2021-05-17,3814466.0,0,1
2021-05-18,3978550.0,1,1
2021-05-19,4002657.0,2,1
2021-05-20,3984759.0,3,1
2021-05-21,3951885.0,4,1
2021-05-22,3525562.0,5,1
2021-05-23,3253451.0,6,1
2021-05-24,3721277.0,0,1
2021-05-25,3913549.0,1,1
2021-05-26,3963698.0,2,1
2021-05-27,3977013.0,3,1
2021-05-28,3930436.0,4,1
2021-05-29,3572254.0,5,1
2021-05-30,3305060.0,6,1
2021-05-31,3910825.0,0,1
2021-06-01,3991047.0,1,1
2021-06-02,4009366.0,2,1
2021-06-03,3996380.0,3,1
2021-06-04,3959198.0,4,1
2021-06-05,3549493.0,5,1
2021-06-06,3274731.0,6,1
2021-06-07,3946321.0,0,1
2021-06-08,4129303.0,1,1
2021-06-09,4189700.0,2,1
2021-06-10,4238249.0,3,1
2021-06-11,4190215.0,4,1
2021-06-12,3794406.0,5,1
2021-06-13,3527342.0,6,1
2021-06-14,4233168.0,0,1
2021-06-15,4362091.0,1,1
2021-06-16,4321693.0,2,1
2021-06-17,4172883.0,3,1
2021-06-18,4095464.0,4,1
2021-06-19,3679713.0,5,1
2021-06-20,3359215.0,6,1
2021-06-21,3960000.0,0,1
2021-06-22,4053345.0,1,1
2021-06-23,3985061.0,2,1
2021-06-24,3806372.0,3,1
2021-06-25,3960158.0,4,1
2021-06-26,3696809.0,5,1
2021-06-27,3436678.0,6,1
2021-06-28,4015594.0,0,1
2021-06-29,4160278.0,1,1
2021-06-30,4259103.0,2,1
2021-07-01,4266341.0,3,1
2021-07-02,4287637.0,4,1
2021-07-03,3922043.0,5,1
2021-07-04,3682324.0,6,1
2021-07-05,4339060.0,0,1
2021-07-06,4381933.0,1,1
2021-07-07,4239025.0,2,1
2021-07-08,4199339.0,3,1
2021-07-09,4268241.0,4,1
2021-07-10,3967355.0,5,1
2021-07-11,3749883.0,6,1
2021-07-12,4318212.0,0,1
2021-07-13,4228452.0,1,1
2021-07-14,4223391.0,2,1
2021-07-15,4263312.0,3,1
2021-07-16,4319520.0,4,1
2021-07-17,4006112.0,5,1
2021-07-18,3730907.0,6,1
2021-07-19,4395600.0,0,1
2021-07-20,4494578.0,1,1
2021-07-21,4552935.0,2,1
2021-07-22,4613316.0,3,1
2021-07-23,4557726.0,4,1
2021-07-24,4045760.0,5,1
2021-07-25,3679645.0,6,1
2021-07-26,4227132.0,0,1
2021-07-27,4352019.0,1,1
2021-07-28,4411493.0,2,1
2021-07-29,4480862.0,3,1
2021-07-30,4430000.0,4,1
2021-07-31,3884569.0,5,1
2021-08-01,3450744.0,6,1
2021-08-02,3929694.0,0,1
2021-08-03,4064530.0,1,1
2021-08-04,4127860.0,2,1
2021-08-05,4184412.0,3,1
2021-08-06,4152535.0,4,1
2021-08-07,3825636.0,5,1
2021-08-08,3484613.0,6,1
2021-08-09,3907714.0,0,1
2021-08-10,4044532.0,1,1
2021-08-11,4193904.0,2,1
2021-08-12,4311737.0,3,1
2021-08-13,4346661.0,4,1
2021-08-14,4184148.0,5,1
2021-08-15,3932654.0,6,0
2021-08-16,4148274.0,0,1
2021-08-17,4130939.0,1,1
2021-08-18,4108861.0,2,1
2021-08-19,4093057.0,3,1
2021-08-20,4105634.0,4,1
2021-08-21,3853616.0,5,1
2021-08-22,3625018.0,6,1
2021-08-23,4182973.0,0,1
2021-08-24,4251062.0,1,1
2021-08-25,4202427.0,2,1
2021-08-26,4259256.0,3,1
2021-08-27,4278443.0,4,1
2021-08-28,3847839.0,5,1
2021-08-29,3532355.0,6,1
2021-08-30,4099203.0,0,1
2021-08-31,4251297.0,1,1
2021-09-01,4211794.0,2,1
2021-09-02,4167337.0,3,1
2021-09-03,4161298.0,4,1
2021-09-04,3747314.0,5,1
2021-09-05,3537151.0,6,1
2021-09-06,4270790.0,0,1
2021-09-07,4383473.0,1,1
2021-09-08,4290154.0,2,1
2021-09-09,4305924.0,3,1
2021-09-10,4219562.0,4,1
2021-09-11,3765383.0,5,1
2021-09-12,3536138.0,6,1
2021-09-13,4144482.0,0,1
2021-09-14,4236761.0,1,1
2021-09-15,4196190.0,2,1
2021-09-16,4081749.0,3,1
2021-09-17,4039702.0,4,1
2021-09-18,3593557.0,5,1
2021-09-19,3299575.0,6,1
2021-09-20,3883015.0,0,1
2021-09-21,3907799.0,1,1
2021-09-22,3950906.0,2,1
2021-09-23,3957742.0,3,1
2021-09-24,3937213.0,4,1
2021-09-25,3560195.0,5,1
2021-09-26,3276256.0,6,1
2021-09-27,3890141.0,0,1
2021-09-28,4022587.0,1,1
2021-09-29,4025626.0,2,1
2021-09-30,3990377.0,3,1
2021-10-01,3958428.0,4,1
2021-10-02,3526146.0,5,1
2021-10-03,3271490.0,6,1
2021-10-04,3729677.0,0,1
2021-10-05,3867320.0,1,1
2021-10-06,3960105.0,2,1
2021-10-07,3916316.0,3,1
2021-10-08,3888398.0,4,1
2021-10-09,3473562.0,5,1
2021-10-10,3189800.0,6,1
2021-10-11,3473800.0,0,1
2021-10-12,3256978.0,1,0
2021-10-13,3798415.0,2,1
2021-10-14,3846012.0,3,1
2021-10-15,3894454.0,4,1
2021-10-16,3502666.0,5,1
2021-10-17,3262877.0,6,1
2021-10-18,3855180.0,0,1
2021-10-19,3953378.0,1,1
2021-10-20,3949784.0,2,1
2021-10-21,3925412.0,3,1
2021-10-22,3874129.0,4,1
2021-10-23,3477850.0,5,1
2021-10-24,3237831.0,6,1
2021-10-25,3825974.0,0,1
2021-10-26,3949365.0,1,1
2021-10-27,3940233.0,2,1
2021-10-28,3939560.0,3,1
2021-10-29,3961763.0,4,1
2021-10-30,3581140.0,5,1
2021-10-31,3399476.0,6,1
2021-11-01,3277507.0,0,0
2021-11-02,3842469.0,1,1
2021-11-03,3999497.0,2,1
2021-11-04,4043948.0,3,1
2021-11-05,4083045.0,4,1
2021-11-06,3730228.0,5,1
2021-11-07,3518642.0,6,1
2021-11-08,4092355.0,0,1
2021-11-09,4159232.0,1,1
2021-11-10,4223622.0,2,1
2021-11-11,4232425.0,3,1
2021-11-12,4195391.0,4,1
2021-11-13,3723039.0,5,1
2021-11-14,3487202.0,6,1
2021-11-15,4121583.0,0,1
2021-11-16,4269636.0,1,1
2021-11-17,4273644.0,2,1
2021-11-18,4312995.0,3,1
2021-11-19,4304437.0,4,1
2021-11-20,3880894.0,5,1
2021-11-21,3576299.0,6,1
2021-11-22,4254666.0,0,1
2021-11-23,4409690.0,1,1
2021-11-24,4493082.0,2,1
2021-11-25,4488395.0,3,1
2021-11-26,4462132.0,4,1
2021-11-27,4068490.0,5,1
2021-11-28,3882788.0,6,1
2021-11-29,4459168.0,0,1
2021-11-30,4530278.0,1,1
2021-12-01,4555668.0,2,1
2021-12-02,4563375.0,3,1
2021-12-03,4513324.0,4,1
2021-12-04,4050658.0,5,1
2021-12-05,3752042.0,6,1
2021-12-06,3800282.0,0,0
2021-12-07,4038840.0,1,1
2021-12-08,3870485.0,2,0
2021-12-09,4456469.0,3,1
2021-12-10,4430765.0,4,1
2021-12-11,3972995.0,5,1
2021-12-12,3693652.0,6,1
2021-12-13,4348604.0,0,1
2021-12-14,4476194.0,1,1
2021-12-15,4489292.0,2,1
2021-12-16,4508750.0,3,1
2021-12-17,4469338.0,4,1
2021-12-18,4032382.0,5,1
2021-12-19,3754429.0,6,1
2021-12-20,4416693.0,0,1
2021-12-21,4422609.0,1,1
2021-12-22,4340474.0,2,1
2021-12-23,4151490.0,3,1
2021-12-24,3585823.0,4,1
2021-12-25,3088138.0,5,0
2021-12-26,3272059.0,6,1
2021-12-27,3686647.0,0,1
2021-12-28,3729169.0,1,1
2021-12-29,3692921.0,2,1
2021-12-30,3689439.0,3,1
2021-12-31,3331056.0,4,1
