date,weekday,working_day,value
2014-01-01,2,0,3315035.0
2014-01-02,3,1,4059590.0
2014-01-03,4,1,4098986.0
2014-01-04,5,1,3867911.0
2014-01-05,6,1,3648038.0
2014-01-06,0,0,3442398.0
2014-01-07,1,1,4299725.0
2014-01-08,2,1,4402576.0
2014-01-09,3,1,4447836.0
2014-01-10,4,1,4442086.0
2014-01-11,5,1,4010984.0
2014-01-12,6,1,3740962.0
2014-01-13,0,1,4485567.0
2014-01-14,1,1,4584259.0
2014-01-15,2,1,4548468.0
2014-01-16,3,1,4549115.0
2014-01-17,4,1,4521265.0
2014-01-18,5,1,4080297.0
2014-01-19,6,1,3811231.0
2014-01-20,0,1,4560067.0
2014-01-21,1,1,4699045.0
2014-01-22,2,1,4674066.0
2014-01-23,3,1,4601775.0
2014-01-24,4,1,4571282.0
2014-01-25,5,1,4034225.0
2014-01-26,6,1,3690184.0
2014-01-27,0,1,4416503.0
2014-01-28,1,1,4643258.0
2014-01-29,2,1,4609811.0
2014-01-30,3,1,4621804.0
2014-01-31,4,1,4578641.0
2014-02-01,5,1,4105022.0
2014-02-02,6,1,3786945.0
2014-02-03,0,1,4653619.0
2014-02-04,1,1,4734916.0
2014-02-05,2,1,4657366.0
2014-02-06,3,1,4549008.0
2014-02-07,4,1,4518948.0
2014-02-08,5,1,4073421.0
2014-02-09,6,1,3800315.0
2014-02-10,0,1,4511513.0
2014-02-11,1,1,4752804.0
2014-02-12,2,1,4687747.0
2014-02-13,3,1,4541862.0
2014-02-14,4,1,4400761.0
2014-02-15,5,1,3961110.0
2014-02-16,6,1,3708226.0
2014-02-17,0,1,4446137.0
2014-02-18,1,1,4540972.0
2014-02-19,2,1,4473137.0
2014-02-20,3,1,4462116.0
2014-02-21,4,1,4418498.0
2014-02-22,5,1,3954322.0
2014-02-23,6,1,3650877.0
2014-02-24,0,1,4411221.0
2014-02-25,1,1,4521561.0
2014-02-26,2,1,4484611.0
2014-02-27,3,1,4488402.0
2014-02-28,4,1,4393001.0
2014-03-01,5,1,4058273.0
2014-03-02,6,1,3622174.0
2014-03-03,0,1,4335839.0
2014-03-04,1,1,4485233.0
2014-03-05,2,1,4383097.0
2014-03-06,3,1,4300864.0
2014-03-07,4,1,4247044.0
2014-03-08,5,1,3757488.0
2014-03-09,6,1,3449969.0
2014-03-10,0,1,4147556.0
2014-03-11,1,1,4238624.0
2014-03-12,2,1,4239528.0
2014-03-13,3,1,4229423.0
2014-03-14,4,1,4235258.0
2014-03-15,5,1,3760377.0
2014-03-16,6,1,3402561.0
2014-03-17,0,1,4004387.0
2014-03-18,1,1,4078188.0
2014-03-19,2,1,3952064.0
2014-03-20,3,1,4008081.0
2014-03-21,4,1,4034647.0
2014-03-22,5,1,3663843.0
2014-03-23,6,1,3414354.0
2014-03-24,0,1,4167742.0
2014-03-25,1,1,4301669.0
2014-03-26,2,1,4342449.0
2014-03-27,3,1,4189442.0
2014-03-28,4,1,4257135.0
2014-03-29,5,1,3887007.0
2014-03-30,6,1,3387774.0
2014-03-31,0,1,4142656.0
2014-04-01,1,1,4193562.0
2014-04-02,2,1,4226833.0
2014-04-03,3,1,4227452.0
2014-04-04,4,1,4175149.0
2014-04-05,5,1,3702698.0
2014-04-06,6,1,3340909.0
2014-04-07,0,1,3930104.0
2014-04-08,1,1,3990583.0
2014-04-09,2,1,4004157.0
2014-04-10,3,1,3953651.0
2014-04-11,4,1,3984392.0
2014-04-12,5,1,3581024.0
2014-04-13,6,1,3234148.0
2014-04-14,0,1,3805318.0
2014-04-15,1,1,3865555.0
2014-04-16,2,1,3807132.0
2014-04-17,3,0,3365671.0
2014-04-18,4,0,3056935.0
2014-04-19,5,1,3212573.0
2014-04-20,6,1,3052328.0
2014-04-21,0,1,3378984.0
2014-04-22,1,1,3793958.0
2014-04-23,2,1,3787972.0
2014-04-24,3,1,3919721.0
2014-04-25,4,1,3955401.0
2014-04-26,5,1,3600799.0
2014-04-27,6,1,3239089.0
2014-04-28,0,1,3823535.0
2014-04-29,1,1,3917400.0
2014-04-30,2,1,3930210.0
2014-05-01,3,0,3233103.0
2014-05-02,4,1,3492165.0
2014-05-03,5,1,3406516.0
2014-05-04,6,1,3168494.0
2014-05-05,0,1,3820357.0
2014-05-06,1,1,3936280.0
2014-05-07,2,1,3970870.0
2014-05-08,3,1,3975589.0
2014-05-09,4,1,3960450.0
2014-05-10,5,1,3585056.0
2014-05-11,6,1,3310572.0
2014-05-12,0,1,3919757.0
2014-05-13,1,1,4013908.0
2014-05-14,2,1,4015583.0
2014-05-15,3,1,3911724.0
2014-05-16,4,1,3920765.0
2014-05-17,5,1,3501523.0
2014-05-18,6,1,3205597.0
2014-05-19,0,1,3863368.0
2014-05-20,1,1,3969817.0
2014-05-21,2,1,3998970.0
2014-05-22,3,1,3963873.0
2014-05-23,4,1,3940095.0
2014-05-24,5,1,3537683.0
2014-05-25,6,1,3192361.0
2014-05-26,0,1,3844326.0
2014-05-27,1,1,3950383.0
2014-05-28,2,1,4000789.0
2014-05-29,3,1,3982707.0
2014-05-30,4,1,3926570.0
2014-05-31,5,1,3516159.0
2014-06-01,6,1,3208049.0
2014-06-02,0,1,3828613.0
2014-06-03,1,1,3979262.0
2014-06-04,2,1,4017381.0
2014-06-05,3,1,4029775.0
2014-06-06,4,1,4080996.0
2014-06-07,5,1,3664104.0
2014-06-08,6,1,3337447.0
2014-06-09,0,1,3911835.0
2014-06-10,1,1,4086129.0
2014-06-11,2,1,4162633.0
2014-06-12,3,1,4240654.0
2014-06-13,4,1,4290242.0
2014-06-14,5,1,3868124.0
2014-06-15,6,1,3459843.0
2014-06-16,0,1,4061172.0
2014-06-17,1,1,4161128.0
2014-06-18,2,1,4153444.0
2014-06-19,3,0,4047863.0
2014-06-20,4,1,4107634.0
2014-06-21,5,1,3738249.0
2014-06-22,6,1,3407618.0
2014-06-23,0,1,3968870.0
2014-06-24,1,1,3817867.0
2014-06-25,2,1,4009536.0
2014-06-26,3,1,4102051.0
2014-06-27,4,1,4140122.0
2014-06-28,5,1,3800153.0
2014-06-29,6,1,3388385.0
2014-06-30,0,1,3998410.0
2014-07-01,1,1,4189911.0
2014-07-02,2,1,4145918.0
2014-07-03,3,1,4083224.0
2014-07-04,4,1,4060321.0
2014-07-05,5,1,3751389.0
2014-07-06,6,1,3436882.0
2014-07-07,0,1,3984301.0
2014-07-08,1,1,4125953.0
2014-07-09,2,1,4185349.0
2014-07-10,3,1,4185164.0
2014-07-11,4,1,4172742.0
2014-07-12,5,1,3718211.0
2014-07-13,6,1,3393355.0
2014-07-14,0,1,4200158.0
2014-07-15,1,1,4403239.0
2014-07-16,2,1,4488657.0
2014-07-17,3,1,4552478.0
2014-07-18,4,1,4481784.0
2014-07-19,5,1,3874299.0
2014-07-20,6,1,3452729.0
2014-07-21,0,1,4152252.0
2014-07-22,1,1,4308228.0
2014-07-23,2,1,4400300.0
2014-07-24,3,1,4411460.0
2014-07-25,4,1,4258998.0
2014-07-26,5,1,3899844.0
2014-07-27,6,1,3565865.0
2014-07-28,0,1,4242806.0
2014-07-29,1,1,4203305.0
2014-07-30,2,1,4181023.0
2014-07-31,3,1,4158811.0
2014-08-01,4,1,4164355.0
2014-08-02,5,1,3676044.0
2014-08-03,6,1,3373291.0
2014-08-04,0,1,3996398.0
2014-08-05,1,1,4094450.0
2014-08-06,2,1,4152020.0
2014-08-07,3,1,4212212.0
2014-08-08,4,1,4199468.0
2014-08-09,5,1,3799562.0
2014-08-10,6,1,3490618.0
2014-08-11,0,1,4042839.0
2014-08-12,1,1,4102426.0
2014-08-13,2,1,4049854.0
2014-08-14,3,1,3893982.0
2014-08-15,4,0,3462806.0
2014-08-16,5,1,3482723.0
2014-08-17,6,1,3296694.0
2014-08-18,0,1,3930794.0
2014-08-19,1,1,3996558.0
2014-08-20,2,1,3984203.0
2014-08-21,3,1,3979431.0
2014-08-22,4,1,3931384.0
2014-08-23,5,1,3580663.0
2014-08-24,6,1,3354121.0
2014-08-25,0,1,4122223.0
2014-08-26,1,1,4360874.0
2014-08-27,2,1,4438503.0
2014-08-28,3,1,4443951.0
2014-08-29,4,1,4382374.0
2014-08-30,5,1,3888701.0
2014-08-31,6,1,3596811.0
2014-09-01,0,1,4401194.0
2014-09-02,1,1,4548373.0
2014-09-03,2,1,4547584.0
2014-09-04,3,1,4523901.0
2014-09-05,4,1,4468522.0
2014-09-06,5,1,3951109.0
2014-09-07,6,1,3614082.0
2014-09-08,0,1,4217322.0
2014-09-09,1,1,4398902.0
2014-09-10,2,1,4401649.0
2014-09-11,3,1,4225031.0
2014-09-12,4,1,4272617.0
2014-09-13,5,1,3867220.0
2014-09-14,6,1,3524498.0
2014-09-15,0,1,4184497.0
2014-09-16,1,1,4274091.0
2014-09-17,2,1,4284982.0
2014-09-18,3,1,4256613.0
2014-09-19,4,1,4208120.0
2014-09-20,5,1,3720870.0
2014-09-21,6,1,3371784.0
2014-09-22,0,1,4013200.0
2014-09-23,1,1,4027764.0
2014-09-24,2,1,3975627.0
2014-09-25,3,1,3978292.0
2014-09-26,4,1,3942824.0
2014-09-27,5,1,3519963.0
2014-09-28,6,1,3247309.0
2014-09-29,0,1,3913275.0
2014-09-30,1,1,4018059.0
2014-10-01,2,1,4042616.0
2014-10-02,3,1,4069449.0
2014-10-03,4,1,4027492.0
2014-10-04,5,1,3570210.0
2014-10-05,6,1,3255651.0
2014-10-06,0,1,3932639.0
2014-10-07,1,1,4049922.0
2014-10-08,2,1,4069131.0
2014-10-09,3,1,3984148.0
2014-10-10,4,1,3955483.0
2014-10-11,5,1,3513529.0
2014-10-12,6,1,3229266.0
2014-10-13,0,1,3698598.0
2014-10-14,1,1,3913385.0
2014-10-15,2,1,4011005.0
2014-10-16,3,1,4074624.0
2014-10-17,4,1,4033213.0
2014-10-18,5,1,3563391.0
2014-10-19,6,1,3246257.0
2014-10-20,0,1,3917313.0
2014-10-21,1,1,4065936.0
2014-10-22,2,1,4044360.0
2014-10-23,3,1,3969038.0
2014-10-24,4,1,3941928.0
2014-10-25,5,1,3470232.0
2014-10-26,6,1,3314915.0
2014-10-27,0,1,3863202.0
2014-10-28,1,1,3975553.0
2014-10-29,2,1,3987451.0
2014-10-30,3,1,3966111.0
2014-10-31,4,1,3920255.0
2014-11-01,5,0,3352038.0
2014-11-02,6,1,3192876.0
2014-11-03,0,1,3918871.0
2014-11-04,1,1,4038336.0
2014-11-05,2,1,4063291.0
2014-11-06,3,1,4126019.0
2014-11-07,4,1,4111434.0
2014-11-08,5,1,3668946.0
2014-11-09,6,1,3391878.0
2014-11-10,0,1,4078167.0
2014-11-11,1,1,4303055.0
2014-11-12,2,1,4256685.0
2014-11-13,3,1,4273721.0
2014-11-14,4,1,4223016.0
2014-11-15,5,1,3729919.0
2014-11-16,6,1,3475917.0
2014-11-17,0,1,4207275.0
2014-11-18,1,1,4355386.0
2014-11-19,2,1,4316016.0
2014-11-20,3,1,4281721.0
2014-11-21,4,1,4188595.0
2014-11-22,5,1,3711691.0
2014-11-23,6,1,3467314.0
2014-11-24,0,1,4088461.0
2014-11-25,1,1,4203946.0
2014-11-26,2,1,4206216.0
2014-11-27,3,1,4267827.0
2014-11-28,4,1,4260015.0
2014-11-29,5,1,3765649.0
2014-11-30,6,1,3502094.0
2014-12-01,0,1,4163996.0
2014-12-02,1,1,4269044.0
2014-12-03,2,1,4321621.0
2014-12-04,3,1,4351462.0
2014-12-05,4,1,4334194.0
2014-12-06,5,0,3872047.0
2014-12-07,6,1,3678158.0
2014-12-08,0,0,3774805.0
2014-12-09,1,1,4524805.0
2014-12-10,2,1,4594053.0
2014-12-11,3,1,4571297.0
2014-12-12,4,1,4554541.0
2014-12-13,5,1,4103810.0
2014-12-14,6,1,3836679.0
2014-12-15,0,1,4486790.0
2014-12-16,1,1,4556472.0
2014-12-17,2,1,4518304.0
2014-12-18,3,1,4445286.0
2014-12-19,4,1,4365933.0
2014-12-20,5,1,3944801.0
2014-12-21,6,1,3667082.0
2014-12-22,0,1,4228290.0
2014-12-23,1,1,4237839.0
2014-12-24,2,1,3790374.0
2014-12-25,3,0,3262761.0
2014-12-26,4,1,3757803.0
2014-12-27,5,1,3796740.0
2014-12-28,6,1,3639429.0
2014-12-29,0,1,4177174.0
2014-12-30,1,1,4243408.0
2014-12-31,2,1,3947796.0
2015-01-01,3,0,3440333.0
2015-01-02,4,1,4069521.0
2015-01-03,5,1,3972525.0
2015-01-04,6,1,3777897.0
2015-01-05,0,1,4064704.0
2015-01-06,1,0,3632553.0
2015-01-07,2,1,4548185.0
2015-01-08,3,1,4708010.0
2015-01-09,4,1,4648739.0
2015-01-10,5,1,4135279.0
2015-01-11,6,1,3832290.0
2015-01-12,0,1,4558891.0
2015-01-13,1,1,4625274.0
2015-01-14,2,1,4622804.0
2015-01-15,3,1,4615450.0
2015-01-16,4,1,4621113.0
2015-01-17,5,1,4202038.0
2015-01-18,6,1,4015901.0
2015-01-19,0,1,4753734.0
2015-01-20,1,1,4900678.0
2015-01-21,2,1,4917199.0
2015-01-22,3,1,4883285.0
2015-01-23,4,1,4814256.0
2015-01-24,5,1,4316329.0
2015-01-25,6,1,3958450.0
2015-01-26,0,1,4681684.0
2015-01-27,1,1,4738938.0
2015-01-28,2,1,4710419.0
2015-01-29,3,1,4694063.0
2015-01-30,4,1,4633866.0
2015-01-31,5,1,4159835.0
2015-02-01,6,1,3921603.0
2015-02-02,0,1,4731568.0
2015-02-03,1,1,4842382.0
2015-02-04,2,1,4951984.0
2015-02-05,3,1,4934214.0
2015-02-06,4,1,4936027.0
2015-02-07,5,1,4492970.0
2015-02-08,6,1,4104819.0
2015-02-09,0,1,4843193.0
2015-02-10,1,1,4905044.0
2015-02-11,2,1,4847763.0
2015-02-12,3,1,4796859.0
2015-02-13,4,1,4644858.0
2015-02-14,5,1,4172491.0
2015-02-15,6,1,3833646.0
2015-02-16,0,1,4465195.0
2015-02-17,1,1,4645671.0
2015-02-18,2,1,4644501.0
2015-02-19,3,1,4559894.0
2015-02-20,4,1,4551382.0
2015-02-21,5,1,4115883.0
2015-02-22,6,1,3813192.0
2015-02-23,0,1,4506264.0
2015-02-24,1,1,4626966.0
2015-02-25,2,1,4599196.0
2015-02-26,3,1,4508794.0
2015-02-27,4,1,4394142.0
2015-02-28,5,1,3917802.0
2015-03-01,6,1,3613356.0
2015-03-02,0,1,4228719.0
2015-03-03,1,1,4254892.0
2015-03-04,2,1,4306087.0
2015-03-05,3,1,4362040.0
2015-03-06,4,1,4316526.0
2015-03-07,5,1,3786603.0
2015-03-08,6,1,3499816.0
2015-03-09,0,1,4170278.0
2015-03-10,1,1,4235208.0
2015-03-11,2,1,4207477.0
2015-03-12,3,1,4184941.0
2015-03-13,4,1,4199914.0
2015-03-14,5,1,3863902.0
2015-03-15,6,1,3609550.0
2015-03-16,0,1,4291160.0
2015-03-17,1,1,4413148.0
2015-03-18,2,1,4442608.0
2015-03-19,3,1,4150543.0
2015-03-20,4,1,4279650.0
2015-03-21,5,1,3934012.0
2015-03-22,6,1,3660101.0
2015-03-23,0,1,4390073.0
2015-03-24,1,1,4498148.0
2015-03-25,2,1,4451643.0
2015-03-26,3,1,4415524.0
2015-03-27,4,1,4269872.0
2015-03-28,5,1,3739762.0
2015-03-29,6,1,3259763.0
2015-03-30,0,1,3944149.0
2015-03-31,1,1,3971949.0
2015-04-01,2,1,3908569.0
2015-04-02,3,0,3428810.0
2015-04-03,4,0,3111112.0
2015-04-04,5,1,3275511.0
2015-04-05,6,1,3154371.0
2015-04-06,0,1,3445850.0
2015-04-07,1,1,3930653.0
2015-04-08,2,1,4061787.0
2015-04-09,3,1,4115980.0
2015-04-10,4,1,4063330.0
2015-04-11,5,1,3676205.0
2015-04-12,6,1,3376530.0
2015-04-13,0,1,3925519.0
2015-04-14,1,1,4031845.0
2015-04-15,2,1,4084742.0
2015-04-16,3,1,4055931.0
2015-04-17,4,1,4003823.0
2015-04-18,5,1,3584708.0
2015-04-19,6,1,3300555.0
2015-04-20,0,1,3898066.0
2015-04-21,1,1,3985991.0
2015-04-22,2,1,3972711.0
2015-04-23,3,1,3899044.0
2015-04-24,4,1,3926423.0
2015-04-25,5,1,3598453.0
2015-04-26,6,1,3342928.0
2015-04-27,0,1,3921803.0
2015-04-28,1,1,3969814.0
2015-04-29,2,1,3983799.0
2015-04-30,3,1,3995061.0
2015-05-01,4,0,3273692.0
2015-05-02,5,1,3392088.0
2015-05-03,6,1,3245556.0
2015-05-04,0,1,3943150.0
2015-05-05,1,1,4028577.0
2015-05-06,2,1,4013562.0
2015-05-07,3,1,4013319.0
2015-05-08,4,1,4041020.0
2015-05-09,5,1,3638057.0
2015-05-10,6,1,3343291.0
2015-05-11,0,1,4001510.0
2015-05-12,1,1,4130849.0
2015-05-13,2,1,4179692.0
2015-05-14,3,1,4265566.0
2015-05-15,4,1,3994696.0
2015-05-16,5,1,3599391.0
2015-05-17,6,1,3351412.0
2015-05-18,0,1,4028325.0
2015-05-19,1,1,4097199.0
2015-05-20,2,1,4001370.0
2015-05-21,3,1,3979209.0
2015-05-22,4,1,3997615.0
2015-05-23,5,1,3620639.0
2015-05-24,6,1,3301264.0
2015-05-25,0,1,3913254.0
2015-05-26,1,1,4040766.0
2015-05-27,2,1,4087483.0
2015-05-28,3,1,4135702.0
2015-05-29,4,1,4078126.0
2015-05-30,5,1,3650141.0
2015-05-31,6,1,3349456.0
2015-06-01,0,1,4000767.0
2015-06-02,1,1,4208988.0
2015-06-03,2,1,4247258.0
2015-06-04,3,1,4157642.0
2015-06-05,4,1,4214578.0
2015-06-06,5,1,3830810.0
2015-06-07,6,1,3513887.0
2015-06-08,0,1,4243632.0
2015-06-09,1,1,4294669.0
2015-06-10,2,1,4292616.0
2015-06-11,3,1,4208411.0
2015-06-12,4,1,4090250.0
2015-06-13,5,1,3638359.0
2015-06-14,6,1,3307382.0
2015-06-15,0,1,3941470.0
2015-06-16,1,1,3992346.0
2015-06-17,2,1,4044483.0
2015-06-18,3,1,4108779.0
2015-06-19,4,1,4172832.0
2015-06-20,5,1,3822291.0
2015-06-21,6,1,3515943.0
2015-06-22,0,1,4230338.0
2015-06-23,1,1,4228827.0
2015-06-24,2,1,3977324.0
2015-06-25,3,1,4268181.0
2015-06-26,4,1,4370301.0
2015-06-27,5,1,4050213.0
2015-06-28,6,1,3769406.0
2015-06-29,0,1,4552779.0
2015-06-30,1,1,4694609.0
2015-07-01,2,1,4656602.0
2015-07-02,3,1,4538610.0
2015-07-03,4,1,4587531.0
2015-07-04,5,1,4147763.0
2015-07-05,6,1,3910176.0
2015-07-06,0,1,4719719.0
2015-07-07,1,1,4888036.0
2015-07-08,2,1,4856135.0
2015-07-09,3,1,4756136.0
2015-07-10,4,1,4695804.0
2015-07-11,5,1,4169215.0
2015-07-12,6,1,3823021.0
2015-07-13,0,1,4649196.0
2015-07-14,1,1,4800854.0
2015-07-15,2,1,4828878.0
2015-07-16,3,1,4815323.0
2015-07-17,4,1,4801067.0
2015-07-18,5,1,4234717.0
2015-07-19,6,1,3841083.0
2015-07-20,0,1,4757976.0
2015-07-21,1,1,4904228.0
2015-07-22,2,1,4828725.0
2015-07-23,3,1,4819082.0
2015-07-24,4,1,4773104.0
2015-07-25,5,1,4108295.0
2015-07-26,6,1,3792505.0
2015-07-27,0,1,4611596.0
2015-07-28,1,1,4717551.0
2015-07-29,2,1,4784715.0
2015-07-30,3,1,4621361.0
2015-07-31,4,1,4379753.0
2015-08-01,5,1,3788553.0
2015-08-02,6,1,3565530.0
2015-08-03,0,1,4357067.0
2015-08-04,1,1,4420302.0
2015-08-05,2,1,4463160.0
2015-08-06,3,1,4455015.0
2015-08-07,4,1,4488930.0
2015-08-08,5,1,3954931.0
2015-08-09,6,1,3519011.0
2015-08-10,0,1,4150865.0
2015-08-11,1,1,4262913.0
2015-08-12,2,1,4294403.0
2015-08-13,3,1,4210545.0
2015-08-14,4,1,3973260.0
2015-08-15,5,1,3470022.0
2015-08-16,6,1,3317695.0
2015-08-17,0,1,3913747.0
2015-08-18,1,1,3952873.0
2015-08-19,2,1,3982497.0
2015-08-20,3,1,4123306.0
2015-08-21,4,1,4207791.0
2015-08-22,5,1,3789386.0
2015-08-23,6,1,3445303.0
2015-08-24,0,1,3992654.0
2015-08-25,1,1,4103832.0
2015-08-26,2,1,4189848.0
2015-08-27,3,1,4309751.0
2015-08-28,4,1,4328509.0
2015-08-29,5,1,3934032.0
2015-08-30,6,1,3672054.0
2015-08-31,0,1,4413600.0
2015-09-01,1,1,4391234.0
2015-09-02,2,1,4337384.0
2015-09-03,3,1,4215029.0
2015-09-04,4,1,4091643.0
2015-09-05,5,1,3604815.0
2015-09-06,6,1,3294812.0
2015-09-07,0,1,3919635.0
2015-09-08,1,1,3953066.0
2015-09-09,2,1,4063904.0
2015-09-10,3,1,4107405.0
2015-09-11,4,1,3943948.0
2015-09-12,5,1,3654796.0
2015-09-13,6,1,3352580.0
2015-09-14,0,1,3951747.0
2015-09-15,1,1,4062587.0
2015-09-16,2,1,4124861.0
2015-09-17,3,1,4029830.0
2015-09-18,4,1,3978459.0
2015-09-19,5,1,3582865.0
2015-09-20,6,1,3304735.0
2015-09-21,0,1,3997777.0
2015-09-22,1,1,4112794.0
2015-09-23,2,1,4084581.0
2015-09-24,3,1,4037184.0
2015-09-25,4,1,4024428.0
2015-09-26,5,1,3617815.0
2015-09-27,6,1,3328523.0
2015-09-28,0,1,3964916.0
2015-09-29,1,1,4040888.0
2015-09-30,2,1,4027558.0
2015-10-01,3,1,4029037.0
2015-10-02,4,1,4019393.0
2015-10-03,5,1,3592711.0
2015-10-04,6,1,3342430.0
2015-10-05,0,1,4047678.0
2015-10-06,1,1,4102748.0
2015-10-07,2,1,4031639.0
2015-10-08,3,1,3987214.0
2015-10-09,4,1,3896499.0
2015-10-10,5,1,3526031.0
2015-10-11,6,1,3268421.0
2015-10-12,0,0,3338427.0
2015-10-13,1,1,3920924.0
2015-10-14,2,1,3974438.0
2015-10-15,3,1,3976492.0
2015-10-16,4,1,3992446.0
2015-10-17,5,1,3614875.0
2015-10-18,6,1,3314133.0
2015-10-19,0,1,3984089.0
2015-10-20,1,1,4046574.0
2015-10-21,2,1,4020336.0
2015-10-22,3,1,4004241.0
2015-10-23,4,1,4010671.0
2015-10-24,5,1,3581865.0
2015-10-25,6,1,3427357.0
2015-10-26,0,1,3969990.0
2015-10-27,1,1,4062852.0
2015-10-28,2,1,4056144.0
2015-10-29,3,1,4057008.0
2015-10-30,4,1,4019779.0
2015-10-31,5,1,3584727.0
2015-11-01,6,0,3291312.0
2015-11-02,0,1,3812611.0
2015-11-03,1,1,4080486.0
2015-11-04,2,1,4097320.0
2015-11-05,3,1,4067478.0
2015-11-06,4,1,4048316.0
2015-11-07,5,1,3589078.0
2015-11-08,6,1,3336887.0
2015-11-09,0,1,3888549.0
2015-11-10,1,1,4033323.0
2015-11-11,2,1,4062360.0
2015-11-12,3,1,4083111.0
2015-11-13,4,1,4066890.0
2015-11-14,5,1,3614157.0
2015-11-15,6,1,3348024.0
2015-11-16,0,1,4044299.0
2015-11-17,1,1,4176334.0
2015-11-18,2,1,4179979.0
2015-11-19,3,1,4160627.0
2015-11-20,4,1,4158767.0
2015-11-21,5,1,3764778.0
2015-11-22,6,1,3530338.0
2015-11-23,0,1,4334625.0
2015-11-24,1,1,4533002.0
2015-11-25,2,1,4489321.0
2015-11-26,3,1,4443346.0
2015-11-27,4,1,4366350.0
2015-11-28,5,1,3922315.0
2015-11-29,6,1,3645986.0
2015-11-30,0,1,4405575.0
2015-12-01,1,1,4511537.0
2015-12-02,2,1,4505451.0
2015-12-03,3,1,4454610.0
2015-12-04,4,1,4404731.0
2015-12-05,5,1,3957320.0
2015-12-06,6,0,3639545.0
2015-12-07,0,1,3845202.0
2015-12-08,1,0,3690576.0
2015-12-09,2,1,4315491.0
2015-12-10,3,1,4407416.0
2015-12-11,4,1,4397290.0
2015-12-12,5,1,3992997.0
2015-12-13,6,1,3732423.0
2015-12-14,0,1,4445332.0
2015-12-15,1,1,4467217.0
2015-12-16,2,1,4415765.0
2015-12-17,3,1,4399883.0
2015-12-18,4,1,4304967.0
2015-12-19,5,1,3935946.0
2015-12-20,6,1,3644268.0
2015-12-21,0,1,4232698.0
2015-12-22,1,1,4284580.0
2015-12-23,2,1,4200396.0
2015-12-24,3,1,3687179.0
2015-12-25,4,0,3136583.0
2015-12-26,5,1,3466940.0
2015-12-27,6,1,3437467.0
2015-12-28,0,1,3942964.0
2015-12-29,1,1,3921714.0
2015-12-30,2,1,3893639.0
2015-12-31,3,1,3601797.0
2016-01-01,4,0,3132829.0
2016-01-02,5,1,3505820.0
2016-01-03,6,1,3525667.0
2016-01-04,0,1,4020695.0
2016-01-05,1,1,3997681.0
2016-01-06,2,0,3544249.0
2016-01-07,3,1,4304962.0
2016-01-08,4,1,4325336.0
2016-01-09,5,1,3916094.0
2016-01-10,6,1,3729483.0
2016-01-11,0,1,4342212.0
2016-01-12,1,1,4473042.0
2016-01-13,2,1,4558198.0
2016-01-14,3,1,4593371.0
2016-01-15,4,1,4560394.0
2016-01-16,5,1,4157358.0
2016-01-17,6,1,3946788.0
2016-01-18,0,1,4643008.0
2016-01-19,1,1,4678632.0
2016-01-20,2,1,4661256.0
2016-01-21,3,1,4638403.0
2016-01-22,4,1,4551012.0
2016-01-23,5,1,4000519.0
2016-01-24,6,1,3690479.0
2016-01-25,0,1,4359517.0
2016-01-26,1,1,4470683.0
2016-01-27,2,1,4476948.0
2016-01-28,3,1,4472412.0
2016-01-29,4,1,4433438.0
2016-01-30,5,1,3994154.0
2016-01-31,6,1,3712233.0
2016-02-01,0,1,4311832.0
2016-02-02,1,1,4400351.0
2016-02-03,2,1,4422988.0
2016-02-04,3,1,4436488.0
2016-02-05,4,1,4437213.0
2016-02-06,5,1,4030926.0
2016-02-07,6,1,3718035.0
2016-02-08,0,1,4370126.0
2016-02-09,1,1,4457142.0
2016-02-10,2,1,4452048.0
2016-02-11,3,1,4446697.0
2016-02-12,4,1,4437836.0
2016-02-13,5,1,3992496.0
2016-02-14,6,1,3753850.0
2016-02-15,0,1,4527345.0
2016-02-16,1,1,4624860.0
2016-02-17,2,1,4685908.0
2016-02-18,3,1,4713155.0
2016-02-19,4,1,4626886.0
2016-02-20,5,1,4102315.0
2016-02-21,6,1,3797416.0
2016-02-22,0,1,4398427.0
2016-02-23,1,1,4425677.0
2016-02-24,2,1,4471284.0
2016-02-25,3,1,4435516.0
2016-02-26,4,1,4512990.0
2016-02-27,5,1,4173608.0
2016-02-28,6,1,3831257.0
2016-02-29,0,1,4394844.0
2016-03-01,1,1,4489253.0
2016-03-02,2,1,4480075.0
2016-03-03,3,1,4429947.0
2016-03-04,4,1,4451909.0
2016-03-05,5,1,4001078.0
2016-03-06,6,1,3732404.0
2016-03-07,0,1,4561081.0
2016-03-08,1,1,4584562.0
2016-03-09,2,1,4652185.0
2016-03-10,3,1,4603533.0
2016-03-11,4,1,4507888.0
2016-03-12,5,1,4010420.0
2016-03-13,6,1,3700183.0
2016-03-14,0,1,4455564.0
2016-03-15,1,1,4534872.0
2016-03-16,2,1,4477046.0
2016-03-17,3,1,4482411.0
2016-03-18,4,1,4433269.0
2016-03-19,5,1,3932814.0
2016-03-20,6,1,3645954.0
2016-03-21,0,1,4288436.0
2016-03-22,1,1,4297180.0
2016-03-23,2,1,4207099.0
2016-03-24,3,0,3666167.0
2016-03-25,4,0,3401062.0
2016-03-26,5,1,3522012.0
2016-03-27,6,1,3217133.0
2016-03-28,0,1,3717019.0
2016-03-29,1,1,4095819.0
2016-03-30,2,1,4115073.0
2016-03-31,3,1,4192601.0
2016-04-01,4,1,4204350.0
2016-04-02,5,1,3797923.0
2016-04-03,6,1,3566575.0
2016-04-04,0,1,4260627.0
2016-04-05,1,1,4336048.0
2016-04-06,2,1,4242070.0
2016-04-07,3,1,4197851.0
2016-04-08,4,1,4225203.0
2016-04-09,5,1,3763676.0
2016-04-10,6,1,3502631.0
2016-04-11,0,1,4188042.0
2016-04-12,1,1,4287130.0
2016-04-13,2,1,4218461.0
2016-04-14,3,1,4198201.0
2016-04-15,4,1,4147423.0
2016-04-16,5,1,3734858.0
2016-04-17,6,1,3443921.0
2016-04-18,0,1,4063234.0
2016-04-19,1,1,4198125.0
2016-04-20,2,1,4214752.0
2016-04-21,3,1,4150532.0
2016-04-22,4,1,4096698.0
2016-04-23,5,1,3611784.0
2016-04-24,6,1,3329699.0
2016-04-25,0,1,3945570.0
2016-04-26,1,1,4034697.0
2016-04-27,2,1,4072653.0
2016-04-28,3,1,4069194.0
2016-04-29,4,1,4037827.0
2016-04-30,5,1,3605546.0
2016-05-01,6,0,3182876.0
2016-05-02,0,1,3637298.0
2016-05-03,1,1,3970019.0
2016-05-04,2,1,4014040.0
2016-05-05,3,1,4020030.0
2016-05-06,4,1,4023721.0
2016-05-07,5,1,3604586.0
2016-05-08,6,1,3340416.0
2016-05-09,0,1,3994722.0
2016-05-10,1,1,4084604.0
2016-05-11,2,1,4070929.0
2016-05-12,3,1,4061859.0
2016-05-13,4,1,4020985.0
2016-05-14,5,1,3577886.0
2016-05-15,6,1,3236048.0
2016-05-16,0,1,3662703.0
2016-05-17,1,1,3902671.0
2016-05-18,2,1,4008042.0
2016-05-19,3,1,3996020.0
2016-05-20,4,1,4001976.0
2016-05-21,5,1,3606898.0
2016-05-22,6,1,3321440.0
2016-05-23,0,1,3898145.0
2016-05-24,1,1,3987237.0
2016-05-25,2,1,4048201.0
2016-05-26,3,1,4033389.0
2016-05-27,4,1,4027423.0
2016-05-28,5,1,3615582.0
2016-05-29,6,1,3278667.0
2016-05-30,0,1,3896784.0
2016-05-31,1,1,3973144.0
2016-06-01,2,1,4009599.0
2016-06-02,3,1,4047439.0
2016-06-03,4,1,4066481.0
2016-06-04,5,1,3641794.0
2016-06-05,6,1,3362076.0
2016-06-06,0,1,4023223.0
2016-06-07,1,1,4196890.0
2016-06-08,2,1,4301144.0
2016-06-09,3,1,4353819.0
2016-06-10,4,1,4279340.0
2016-06-11,5,1,3773635.0
2016-06-12,6,1,3460763.0
2016-06-13,0,1,4274834.0
2016-06-14,1,1,4344795.0
2016-06-15,2,1,4260534.0
2016-06-16,3,1,4049827.0
2016-06-17,4,1,4020938.0
2016-06-18,5,1,3650830.0
2016-06-19,6,1,3367449.0
2016-06-20,0,1,4040927.0
2016-06-21,1,1,4220616.0
2016-06-22,2,1,4282903.0
2016-06-23,3,1,4253083.0
2016-06-24,4,1,4050963.0
2016-06-25,5,1,3856839.0
2016-06-26,6,1,3507066.0
2016-06-27,0,1,4225966.0
2016-06-28,1,1,4428357.0
2016-06-29,2,1,4428015.0
2016-06-30,3,1,4456206.0
2016-07-01,4,1,4419561.0
2016-07-02,5,1,3971390.0
2016-07-03,6,1,3684349.0
2016-07-04,0,1,4363664.0
2016-07-05,1,1,4516582.0
2016-07-06,2,1,4555159.0
2016-07-07,3,1,4489345.0
2016-07-08,4,1,4522307.0
2016-07-09,5,1,4137366.0
2016-07-10,6,1,3844275.0
2016-07-11,0,1,4641059.0
2016-07-12,1,1,4644542.0
2016-07-13,2,1,4464697.0
2016-07-14,3,1,4375776.0
2016-07-15,4,1,4317732.0
2016-07-16,5,1,3902508.0
2016-07-17,6,1,3609743.0
2016-07-18,0,1,4414908.0
2016-07-19,1,1,4575745.0
2016-07-20,2,1,4664260.0
2016-07-21,3,1,4654037.0
2016-07-22,4,1,4525617.0
2016-07-23,5,1,3969483.0
2016-07-24,6,1,3641549.0
2016-07-25,0,1,4244635.0
2016-07-26,1,1,4634070.0
2016-07-27,2,1,4650413.0
2016-07-28,3,1,4640066.0
2016-07-29,4,1,4613819.0
2016-07-30,5,1,4132161.0
2016-07-31,6,1,3762651.0
2016-08-01,0,1,4382160.0
2016-08-02,1,1,4477342.0
2016-08-03,2,1,4524834.0
2016-08-04,3,1,4513794.0
2016-08-05,4,1,4393911.0
2016-08-06,5,1,3901593.0
2016-08-07,6,1,3591797.0
2016-08-08,0,1,4225683.0
2016-08-09,1,1,4271971.0
2016-08-10,2,1,4100205.0
2016-08-11,3,1,4078468.0
2016-08-12,4,1,4116172.0
2016-08-13,5,1,3765043.0
2016-08-14,6,1,3472110.0
2016-08-15,0,0,3563984.0
2016-08-16,1,1,4097612.0
2016-08-17,2,1,4177936.0
2016-08-18,3,1,4250071.0
2016-08-19,4,1,4278335.0
2016-08-20,5,1,3951404.0
2016-08-21,6,1,3593222.0
2016-08-22,0,1,4308731.0
2016-08-23,1,1,4421418.0
2016-08-24,2,1,4409792.0
2016-08-25,3,1,4375675.0
2016-08-26,4,1,4372879.0
2016-08-27,5,1,3974964.0
2016-08-28,6,1,3749972.0
2016-08-29,0,1,4475607.0
2016-08-30,1,1,4513011.0
2016-08-31,2,1,4522984.0
2016-09-01,3,1,4544574.0
2016-09-02,4,1,4580697.0
2016-09-03,5,1,4161273.0
2016-09-04,6,1,3923656.0
2016-09-05,0,1,4776426.0
2016-09-06,1,1,4905042.0
2016-09-07,2,1,4876670.0
2016-09-08,3,1,4583694.0
2016-09-09,4,1,4517574.0
2016-09-10,5,1,4022591.0
2016-09-11,6,1,3715601.0
2016-09-12,0,1,4449789.0
2016-09-13,1,1,4419070.0
2016-09-14,2,1,4157703.0
2016-09-15,3,1,4077582.0
2016-09-16,4,1,4069734.0
2016-09-17,5,1,3665368.0
2016-09-18,6,1,3377806.0
2016-09-19,0,1,4005146.0
2016-09-20,1,1,4145970.0
2016-09-21,2,1,4138787.0
2016-09-22,3,1,4175731.0
2016-09-23,4,1,4142510.0
2016-09-24,5,1,3662139.0
2016-09-25,6,1,3375048.0
2016-09-26,0,1,4053808.0
2016-09-27,1,1,4177614.0
2016-09-28,2,1,4200725.0
2016-09-29,3,1,4129857.0
2016-09-30,4,1,4110902.0
2016-10-01,5,1,3672294.0
2016-10-02,6,1,3381771.0
2016-10-03,0,1,4038029.0
2016-10-04,1,1,4171889.0
2016-10-05,2,1,4178478.0
2016-10-06,3,1,4161049.0
2016-10-07,4,1,4060442.0
2016-10-08,5,1,3640962.0
2016-10-09,6,1,3358283.0
2016-10-10,0,1,3971792.0
2016-10-11,1,1,4011283.0
2016-10-12,2,0,3488782.0
2016-10-13,3,1,3964696.0
2016-10-14,4,1,3935513.0
2016-10-15,5,1,3543758.0
2016-10-16,6,1,3301738.0
2016-10-17,0,1,4022623.0
2016-10-18,1,1,4112463.0
2016-10-19,2,1,4093353.0
2016-10-20,3,1,4074854.0
2016-10-21,4,1,4052611.0
2016-10-22,5,1,3673175.0
2016-10-23,6,1,3410619.0
2016-10-24,0,1,4049901.0
2016-10-25,1,1,4129041.0
2016-10-26,2,1,4109000.0
2016-10-27,3,1,4099005.0
2016-10-28,4,1,4067073.0
2016-10-29,5,1,3594130.0
2016-10-30,6,1,3398318.0
2016-10-31,0,1,3612119.0
2016-11-01,1,0,3348173.0
2016-11-02,2,1,3984912.0
2016-11-03,3,1,4066493.0
2016-11-04,4,1,4141739.0
2016-11-05,5,1,3708950.0
2016-11-06,6,1,3392867.0
2016-11-07,0,1,4111004.0
2016-11-08,1,1,4293895.0
2016-11-09,2,1,4311880.0
2016-11-10,3,1,4317922.0
2016-11-11,4,1,4296719.0
2016-11-12,5,1,3825234.0
2016-11-13,6,1,3532367.0
2016-11-14,0,1,4220567.0
2016-11-15,1,1,4370518.0
2016-11-16,2,1,4350822.0
2016-11-17,3,1,4361961.0
2016-11-18,4,1,4334129.0
2016-11-19,5,1,3863442.0
2016-11-20,6,1,3645532.0
2016-11-21,0,1,4323299.0
2016-11-22,1,1,4429321.0
2016-11-23,2,1,4442709.0
2016-11-24,3,1,4465339.0
2016-11-25,4,1,4503092.0
2016-11-26,5,1,4069119.0
2016-11-27,6,1,3756321.0
2016-11-28,0,1,4386633.0
2016-11-29,1,1,4514471.0
2016-11-30,2,1,4490856.0
2016-12-01,3,1,4501688.0
2016-12-02,4,1,4452483.0
2016-12-03,5,1,4042347.0
2016-12-04,6,1,3754932.0
2016-12-05,0,1,4191734.0
2016-12-06,1,0,3868373.0
2016-12-07,2,1,4214659.0
2016-12-08,3,0,3774266.0
2016-12-09,4,1,4059655.0
2016-12-10,5,1,3850880.0
2016-12-11,6,1,3687823.0
2016-12-12,0,1,4395617.0
2016-12-13,1,1,4558072.0
2016-12-14,2,1,4599404.0
2016-12-15,3,1,4613321.0
2016-12-16,4,1,4582077.0
2016-12-17,5,1,4079742.0
2016-12-18,6,1,3870683.0
2016-12-19,0,1,4622850.0
2016-12-20,1,1,4632245.0
2016-12-21,2,1,4580737.0
2016-12-22,3,1,4491727.0
2016-12-23,4,1,4266364.0
2016-12-24,5,1,3663884.0
2016-12-25,6,0,3213388.0
2016-12-26,0,1,3520763.0
2016-12-27,1,1,4070905.0
2016-12-28,2,1,4110011.0
2016-12-29,3,1,4124830.0
2016-12-30,4,1,4109392.0
2016-12-31,5,1,3773492.0
2017-01-01,6,0,3381053.0
2017-01-02,0,1,4173470.0
2017-01-03,1,1,4502446.0
2017-01-04,2,1,4476001.0
2017-01-05,3,1,4278091.0
2017-01-06,4,0,3649559.0
2017-01-07,5,1,3986056.0
2017-01-08,6,1,3908323.0
2017-01-09,0,1,4662691.0
2017-01-10,1,1,4817229.0
2017-01-11,2,1,4686206.0
2017-01-12,3,1,4623450.0
2017-01-13,4,1,4598818.0
2017-01-14,5,1,4243333.0
2017-01-15,6,1,3994324.0
2017-01-16,0,1,4694239.0
2017-01-17,1,1,4833658.0
2017-01-18,2,1,5044366.0
2017-01-19,3,1,5084123.0
2017-01-20,4,1,5004061.0
2017-01-21,5,1,4398408.0
2017-01-22,6,1,4052234.0
2017-01-23,0,1,4775995.0
2017-01-24,1,1,4812885.0
2017-01-25,2,1,4854253.0
2017-01-26,3,1,4902866.0
2017-01-27,4,1,4800124.0
2017-01-28,5,1,4226654.0
2017-01-29,6,1,3927191.0
2017-01-30,0,1,4557883.0
2017-01-31,1,1,4567290.0
2017-02-01,2,1,4533658.0
2017-02-02,3,1,4546263.0
2017-02-03,4,1,4480232.0
2017-02-04,5,1,3993073.0
2017-02-05,6,1,3733989.0
2017-02-06,0,1,4413961.0
2017-02-07,1,1,4448466.0
2017-02-08,2,1,4493206.0
2017-02-09,3,1,4568762.0
2017-02-10,4,1,4623226.0
2017-02-11,5,1,4162125.0
2017-02-12,6,1,3825904.0
2017-02-13,0,1,4455356.0
2017-02-14,1,1,4490191.0
2017-02-15,2,1,4405234.0
2017-02-16,3,1,4423118.0
2017-02-17,4,1,4389090.0
2017-02-18,5,1,3983267.0
2017-02-19,6,1,3674523.0
2017-02-20,0,1,4316272.0
2017-02-21,1,1,4384110.0
2017-02-22,2,1,4387764.0
2017-02-23,3,1,4412955.0
2017-02-24,4,1,4351079.0
2017-02-25,5,1,3904594.0
2017-02-26,6,1,3624825.0
2017-02-27,0,1,4210435.0
2017-02-28,1,1,4253936.0
2017-03-01,2,1,4351003.0
2017-03-02,3,1,4340159.0
2017-03-03,4,1,4397957.0
2017-03-04,5,1,3998132.0
2017-03-05,6,1,3692567.0
2017-03-06,0,1,4204483.0
2017-03-07,1,1,4257874.0
2017-03-08,2,1,4190419.0
2017-03-09,3,1,4156950.0
2017-03-10,4,1,4091382.0
2017-03-11,5,1,3653685.0
2017-03-12,6,1,3382962.0
2017-03-13,0,1,4191738.0
2017-03-14,1,1,4279943.0
2017-03-15,2,1,4175118.0
2017-03-16,3,1,4169231.0
2017-03-17,4,1,4114304.0
2017-03-18,5,1,3636705.0
2017-03-19,6,1,3351410.0
2017-03-20,0,1,3930822.0
2017-03-21,1,1,4165785.0
2017-03-22,2,1,4270268.0
2017-03-23,3,1,4364172.0
2017-03-24,4,1,4410080.0
2017-03-25,5,1,3994514.0
2017-03-26,6,1,3466646.0
2017-03-27,0,1,4277111.0
2017-03-28,1,1,4245984.0
2017-03-29,2,1,4192440.0
2017-03-30,3,1,4123463.0
2017-03-31,4,1,4104620.0
2017-04-01,5,1,3685816.0
2017-04-02,6,1,3441879.0
2017-04-03,0,1,4045020.0
2017-04-04,1,1,4127321.0
2017-04-05,2,1,4107036.0
2017-04-06,3,1,4084623.0
2017-04-07,4,1,4056917.0
2017-04-08,5,1,3663243.0
2017-04-09,6,1,3352380.0
2017-04-10,0,1,3915050.0
2017-04-11,1,1,3975051.0
2017-04-12,2,1,3908364.0
2017-04-13,3,0,3394971.0
2017-04-14,4,0,3121888.0
2017-04-15,5,1,3269039.0
2017-04-16,6,1,3096718.0
2017-04-17,0,1,3428105.0
2017-04-18,1,1,3909981.0
2017-04-19,2,1,4035125.0
2017-04-20,3,1,4051774.0
2017-04-21,4,1,4030880.0
2017-04-22,5,1,3652733.0
2017-04-23,6,1,3334615.0
2017-04-24,0,1,3825866.0
2017-04-25,1,1,4057582.0
2017-04-26,2,1,4098752.0
2017-04-27,3,1,4142114.0
2017-04-28,4,1,4115976.0
2017-04-29,5,1,3699710.0
2017-04-30,6,1,3375737.0
2017-05-01,0,0,3243413.0
2017-05-02,1,1,3867400.0
2017-05-03,2,1,4052745.0
2017-05-04,3,1,4075971.0
2017-05-05,4,1,4057415.0
2017-05-06,5,1,3633234.0
2017-05-07,6,1,3312010.0
2017-05-08,0,1,3939752.0
2017-05-09,1,1,4065671.0
2017-05-10,2,1,4092660.0
2017-05-11,3,1,4071664.0
2017-05-12,4,1,4024003.0
2017-05-13,5,1,3615996.0
2017-05-14,6,1,3299338.0
2017-05-15,0,1,3883899.0
2017-05-16,1,1,4112576.0
2017-05-17,2,1,4096662.0
2017-05-18,3,1,4065070.0
2017-05-19,4,1,3995826.0
2017-05-20,5,1,3616796.0
2017-05-21,6,1,3362491.0
2017-05-22,0,1,4006449.0
2017-05-23,1,1,4155068.0
2017-05-24,2,1,4218558.0
2017-05-25,3,1,4275702.0
2017-05-26,4,1,4254894.0
2017-05-27,5,1,3804020.0
2017-05-28,6,1,3440097.0
2017-05-29,0,1,4053815.0
2017-05-30,1,1,4131495.0
2017-05-31,2,1,4162276.0
2017-06-01,3,1,4219700.0
2017-06-02,4,1,4250801.0
2017-06-03,5,1,3806075.0
2017-06-04,6,1,3397921.0
2017-06-05,0,1,3944311.0
2017-06-06,1,1,4164669.0
2017-06-07,2,1,4233948.0
2017-06-08,3,1,4316306.0
2017-06-09,4,1,4301364.0
2017-06-10,5,1,3909343.0
2017-06-11,6,1,3683190.0
2017-06-12,0,1,4476332.0
2017-06-13,1,1,4662058.0
2017-06-14,2,1,4745095.0
2017-06-15,3,1,4773300.0
2017-06-16,4,1,4773646.0
2017-06-17,5,1,4395496.0
2017-06-18,6,1,4051117.0
2017-06-19,0,1,4771775.0
2017-06-20,1,1,4857595.0
2017-06-21,2,1,4856288.0
2017-06-22,3,1,4864783.0
2017-06-23,4,1,4735135.0
2017-06-24,5,1,4213958.0
2017-06-25,6,1,3896300.0
2017-06-26,0,1,4551551.0
2017-06-27,1,1,4579739.0
2017-06-28,2,1,4428841.0
2017-06-29,3,1,4209249.0
2017-06-30,4,1,4112820.0
2017-07-01,5,1,3723631.0
2017-07-02,6,1,3470454.0
2017-07-03,0,1,4195965.0
2017-07-04,1,1,4429127.0
2017-07-05,2,1,4497842.0
2017-07-06,3,1,4429940.0
2017-07-07,4,1,4364920.0
2017-07-08,5,1,3896488.0
2017-07-09,6,1,3620509.0
2017-07-10,0,1,4401040.0
2017-07-11,1,1,4580463.0
2017-07-12,2,1,4763888.0
2017-07-13,3,1,4896480.0
2017-07-14,4,1,4844664.0
2017-07-15,5,1,4306050.0
2017-07-16,6,1,3926310.0
2017-07-17,0,1,4702883.0
2017-07-18,1,1,4840305.0
2017-07-19,2,1,4778632.0
2017-07-20,3,1,4630770.0
2017-07-21,4,1,4519409.0
2017-07-22,5,1,4052372.0
2017-07-23,6,1,3706518.0
2017-07-24,0,1,4344797.0
2017-07-25,1,1,4346657.0
2017-07-26,2,1,4503802.0
2017-07-27,3,1,4660393.0
2017-07-28,4,1,4677143.0
2017-07-29,5,1,4232292.0
2017-07-30,6,1,3905945.0
2017-07-31,0,1,4433054.0
2017-08-01,1,1,4558714.0
2017-08-02,2,1,4591874.0
2017-08-03,3,1,4685032.0
2017-08-04,4,1,4763935.0
2017-08-05,5,1,4300341.0
2017-08-06,6,1,3879209.0
2017-08-07,0,1,4494456.0
2017-08-08,1,1,4420740.0
2017-08-09,2,1,4218928.0
2017-08-10,3,1,4036402.0
2017-08-11,4,1,4044295.0
2017-08-12,5,1,3736148.0
2017-08-13,6,1,3490098.0
2017-08-14,0,1,3958408.0
2017-08-15,1,0,3751393.0
2017-08-16,2,1,4223631.0
2017-08-17,3,1,4322685.0
2017-08-18,4,1,4390881.0
2017-08-19,5,1,3972733.0
2017-08-20,6,1,3694259.0
2017-08-21,0,1,4420246.0
2017-08-22,1,1,4532483.0
2017-08-23,2,1,4543556.0
2017-08-24,3,1,4518284.0
2017-08-25,4,1,4476206.0
2017-08-26,5,1,4058534.0
2017-08-27,6,1,3711530.0
2017-08-28,0,1,4344175.0
2017-08-29,1,1,4334517.0
2017-08-30,2,1,4262065.0
2017-08-31,3,1,4264304.0
2017-09-01,4,1,4201096.0
2017-09-02,5,1,3776631.0
2017-09-03,6,1,3522550.0
2017-09-04,0,1,4246168.0
2017-09-05,1,1,4466730.0
2017-09-06,2,1,4494635.0
2017-09-07,3,1,4442131.0
2017-09-08,4,1,4294967.0
2017-09-09,5,1,3781652.0
2017-09-10,6,1,3428087.0
2017-09-11,0,1,3994800.0
2017-09-12,1,1,4266454.0
2017-09-13,2,1,4342781.0
2017-09-14,3,1,4344094.0
2017-09-15,4,1,4139781.0
2017-09-16,5,1,3655345.0
2017-09-17,6,1,3382738.0
2017-09-18,0,1,4044529.0
2017-09-19,1,1,4163854.0
2017-09-20,2,1,4186617.0
2017-09-21,3,1,4194112.0
2017-09-22,4,1,4186155.0
2017-09-23,5,1,3758538.0
2017-09-24,6,1,3464181.0
2017-09-25,0,1,4102075.0
2017-09-26,1,1,4212861.0
2017-09-27,2,1,4226426.0
2017-09-28,3,1,4214969.0
2017-09-29,4,1,4200619.0
2017-09-30,5,1,3746255.0
2017-10-01,6,1,3433391.0
2017-10-02,0,1,4140565.0
2017-10-03,1,1,4162692.0
2017-10-04,2,1,4264548.0
2017-10-05,3,1,4290755.0
2017-10-06,4,1,4244847.0
2017-10-07,5,1,3719332.0
2017-10-08,6,1,3429665.0
2017-10-09,0,1,4005998.0
2017-10-10,1,1,4168701.0
2017-10-11,2,1,4139265.0
2017-10-12,3,0,3553048.0
2017-10-13,4,1,3813382.0
2017-10-14,5,1,3628556.0
2017-10-15,6,1,3378043.0
2017-10-16,0,1,4071064.0
2017-10-17,1,1,4146309.0
2017-10-18,2,1,4152021.0
2017-10-19,3,1,4068248.0
2017-10-20,4,1,4077045.0
2017-10-21,5,1,3638069.0
2017-10-22,6,1,3336388.0
2017-10-23,0,1,4001023.0
2017-10-24,1,1,4127609.0
2017-10-25,2,1,4163694.0
2017-10-26,3,1,4126446.0
2017-10-27,4,1,4085376.0
2017-10-28,5,1,3587079.0
2017-10-29,6,1,3429856.0
2017-10-30,0,1,3981650.0
2017-10-31,1,1,4098787.0
2017-11-01,2,0,3495098.0
2017-11-02,3,1,4034229.0
2017-11-03,4,1,4109962.0
2017-11-04,5,1,3668595.0
2017-11-05,6,1,3364974.0
2017-11-06,0,1,4051037.0
2017-11-07,1,1,4214089.0
2017-11-08,2,1,4284914.0
2017-11-09,3,1,4284446.0
2017-11-10,4,1,4326575.0
2017-11-11,5,1,3867724.0
2017-11-12,6,1,3560296.0
2017-11-13,0,1,4268237.0
2017-11-14,1,1,4446431.0
2017-11-15,2,1,4513728.0
2017-11-16,3,1,4514065.0
2017-11-17,4,1,4443385.0
2017-11-18,5,1,3962923.0
2017-11-19,6,1,3675272.0
2017-11-20,0,1,4405417.0
2017-11-21,1,1,4510122.0
2017-11-22,2,1,4559226.0
2017-11-23,3,1,4483532.0
2017-11-24,4,1,4430726.0
2017-11-25,5,1,3978569.0
2017-11-26,6,1,3699641.0
2017-11-27,0,1,4498831.0
2017-11-28,1,1,4646046.0
2017-11-29,2,1,4668600.0
2017-11-30,3,1,4695378.0
2017-12-01,4,1,4749603.0
2017-12-02,5,1,4372288.0
2017-12-03,6,1,4089073.0
2017-12-04,0,1,4808581.0
2017-12-05,1,1,4871830.0
2017-12-06,2,0,4341100.0
2017-12-07,3,1,4467540.0
2017-12-08,4,0,4115422.0
2017-12-09,5,1,4079991.0
2017-12-10,6,1,3898001.0
2017-12-11,0,1,4591850.0
2017-12-12,1,1,4726325.0
2017-12-13,2,1,4803493.0
2017-12-14,3,1,4738934.0
2017-12-15,4,1,4598951.0
2017-12-16,5,1,4158641.0
2017-12-17,6,1,3962674.0
2017-12-18,0,1,4743332.0
2017-12-19,1,1,4775188.0
2017-12-20,2,1,4786884.0
2017-12-21,3,1,4697641.0
2017-12-22,4,1,4534334.0
2017-12-23,5,1,3997941.0
2017-12-24,6,1,3668828.0
2017-12-25,0,0,3392811.0
2017-12-26,1,1,3993045.0
2017-12-27,2,1,4226661.0
2017-12-28,3,1,4185891.0
2017-12-29,4,1,4055425.0
2017-12-30,5,1,3699914.0
2017-12-31,6,1,3486057.0
2018-01-01,0,0,3233704.0
2018-01-02,1,1,4110332.0
2018-01-03,2,1,4294141.0
2018-01-04,3,1,4296914.0
2018-01-05,4,1,4129673.0
2018-01-06,5,0,3636636.0
2018-01-07,6,1,3846881.0
2018-01-08,0,1,4693067.0
2018-01-09,1,1,4903368.0
2018-01-10,2,1,4799158.0
2018-01-11,3,1,4782244.0
2018-01-12,4,1,4800189.0
2018-01-13,5,1,4363856.0
2018-01-14,6,1,4054691.0
2018-01-15,0,1,4779787.0
2018-01-16,1,1,4777967.0
2018-01-17,2,1,4704325.0
2018-01-18,3,1,4689460.0
2018-01-19,4,1,4651987.0
2018-01-20,5,1,4120121.0
2018-01-21,6,1,3768732.0
2018-01-22,0,1,4437649.0
2018-01-23,1,1,4527778.0
2018-01-24,2,1,4547418.0
2018-01-25,3,1,4615800.0
2018-01-26,4,1,4692842.0
2018-01-27,5,1,4210819.0
2018-01-28,6,1,3916922.0
2018-01-29,0,1,4544867.0
2018-01-30,1,1,4639016.0
2018-01-31,2,1,4626423.0
2018-02-01,3,1,4735057.0
2018-02-02,4,1,4790635.0
2018-02-03,5,1,4316321.0
2018-02-04,6,1,4102171.0
2018-02-05,0,1,4871798.0
2018-02-06,1,1,4941489.0
2018-02-07,2,1,4990293.0
2018-02-08,3,1,5040120.0
2018-02-09,4,1,4987007.0
2018-02-10,5,1,4421638.0
2018-02-11,6,1,4024308.0
2018-02-12,0,1,4747047.0
2018-02-13,1,1,4877817.0
2018-02-14,2,1,4826050.0
2018-02-15,3,1,4681896.0
2018-02-16,4,1,4573207.0
2018-02-17,5,1,4085295.0
2018-02-18,6,1,3824599.0
2018-02-19,0,1,4527493.0
2018-02-20,1,1,4575391.0
2018-02-21,2,1,4600300.0
2018-02-22,3,1,4685908.0
2018-02-23,4,1,4721030.0
2018-02-24,5,1,4227519.0
2018-02-25,6,1,3898502.0
2018-02-26,0,1,4636778.0
2018-02-27,1,1,4876829.0
2018-02-28,2,1,4801186.0
2018-03-01,3,1,4766283.0
2018-03-02,4,1,4736561.0
2018-03-03,5,1,4107667.0
2018-03-04,6,1,3782611.0
2018-03-05,0,1,4539715.0
2018-03-06,1,1,4639700.0
2018-03-07,2,1,4590777.0
2018-03-08,3,1,4548739.0
2018-03-09,4,1,4492497.0
2018-03-10,5,1,3967108.0
2018-03-11,6,1,3723204.0
2018-03-12,0,1,4416176.0
2018-03-13,1,1,4494146.0
2018-03-14,2,1,4529590.0
2018-03-15,3,1,4492738.0
2018-03-16,4,1,4434396.0
2018-03-17,5,1,4065432.0
2018-03-18,6,1,3753682.0
2018-03-19,0,1,4450795.0
2018-03-20,1,1,4748903.0
2018-03-21,2,1,4725147.0
2018-03-22,3,1,4654130.0
2018-03-23,4,1,4636433.0
2018-03-24,5,1,4187942.0
2018-03-25,6,1,3677395.0
2018-03-26,0,1,4422289.0
2018-03-27,1,1,4372462.0
2018-03-28,2,1,4203347.0
2018-03-29,3,0,3731812.0
2018-03-30,4,0,3500000.0
2018-03-31,5,1,3619762.0
2018-04-01,6,1,3419074.0
2018-04-02,0,1,3769251.0
2018-04-03,1,1,4210587.0
2018-04-04,2,1,4293784.0
2018-04-05,3,1,4204499.0
2018-04-06,4,1,4238921.0
2018-04-07,5,1,3854771.0
2018-04-08,6,1,3552865.0
2018-04-09,0,1,4228223.0
2018-04-10,1,1,4479883.0
2018-04-11,2,1,4510346.0
2018-04-12,3,1,4462620.0
2018-04-13,4,1,4423127.0
2018-04-14,5,1,3859970.0
2018-04-15,6,1,3548349.0
2018-04-16,0,1,4184035.0
2018-04-17,1,1,4193100.0
2018-04-18,2,1,4144201.0
2018-04-19,3,1,4086006.0
2018-04-20,4,1,4050453.0
2018-04-21,5,1,3640849.0
2018-04-22,6,1,3347283.0
2018-04-23,0,1,3910564.0
2018-04-24,1,1,4073802.0
2018-04-25,2,1,4105939.0
2018-04-26,3,1,4074327.0
2018-04-27,4,1,4050314.0
2018-04-28,5,1,3620626.0
2018-04-29,6,1,3341808.0
2018-04-30,0,1,3709727.0
2018-05-01,1,0,3347312.0
2018-05-02,2,1,3937681.0
2018-05-03,3,1,4117571.0
2018-05-04,4,1,4118439.0
2018-05-05,5,1,3671489.0
2018-05-06,6,1,3350454.0
2018-05-07,0,1,3999052.0
2018-05-08,1,1,4096787.0
2018-05-09,2,1,4087855.0
2018-05-10,3,1,4074929.0
2018-05-11,4,1,4062243.0
2018-05-12,5,1,3648653.0
2018-05-13,6,1,3359652.0
2018-05-14,0,1,3967651.0
2018-05-15,1,1,4027292.0
2018-05-16,2,1,4110367.0
2018-05-17,3,1,4084459.0
2018-05-18,4,1,4055356.0
2018-05-19,5,1,3640392.0
2018-05-20,6,1,3336430.0
2018-05-21,0,1,3896751.0
2018-05-22,1,1,4061689.0
2018-05-23,2,1,4119124.0
2018-05-24,3,1,4122692.0
2018-05-25,4,1,4087340.0
2018-05-26,5,1,3630016.0
2018-05-27,6,1,3322611.0
2018-05-28,0,1,3959787.0
2018-05-29,1,1,4070880.0
2018-05-30,2,1,4038056.0
2018-05-31,3,1,3999775.0
2018-06-01,4,1,4006140.0
2018-06-02,5,1,3594793.0
2018-06-03,6,1,3275537.0
2018-06-04,0,1,3944900.0
2018-06-05,1,1,4063893.0
2018-06-06,2,1,4053099.0
2018-06-07,3,1,4034176.0
2018-06-08,4,1,4043448.0
2018-06-09,5,1,3620524.0
2018-06-10,6,1,3337192.0
2018-06-11,0,1,3995385.0
2018-06-12,1,1,4129501.0
2018-06-13,2,1,4162333.0
2018-06-14,3,1,4168369.0
2018-06-15,4,1,4158847.0
2018-06-16,5,1,3787244.0
2018-06-17,6,1,3501438.0
2018-06-18,0,1,4201533.0
2018-06-19,1,1,4346550.0
2018-06-20,2,1,4434426.0
2018-06-21,3,1,4491282.0
2018-06-22,4,1,4491838.0
2018-06-23,5,1,4041033.0
2018-06-24,6,1,3729748.0
2018-06-25,0,1,4454134.0
2018-06-26,1,1,4567795.0
2018-06-27,2,1,4547616.0
2018-06-28,3,1,4494097.0
2018-06-29,4,1,4410220.0
2018-06-30,5,1,3989603.0
2018-07-01,6,1,3649546.0
2018-07-02,0,1,4312596.0
2018-07-03,1,1,4506119.0
2018-07-04,2,1,4466348.0
2018-07-05,3,1,4441343.0
2018-07-06,4,1,4420409.0
2018-07-07,5,1,3995089.0
2018-07-08,6,1,3693845.0
2018-07-09,0,1,4532161.0
2018-07-10,1,1,4646812.0
2018-07-11,2,1,4626473.0
2018-07-12,3,1,4560833.0
2018-07-13,4,1,4538922.0
2018-07-14,5,1,4043315.0
2018-07-15,6,1,3678067.0
2018-07-16,0,1,4357594.0
2018-07-17,1,1,4535499.0
2018-07-18,2,1,4594265.0
2018-07-19,3,1,4608915.0
2018-07-20,4,1,4529236.0
2018-07-21,5,1,3973845.0
2018-07-22,6,1,3602894.0
2018-07-23,0,1,4426520.0
2018-07-24,1,1,4582597.0
2018-07-25,2,1,4521238.0
2018-07-26,3,1,4581655.0
2018-07-27,4,1,4562389.0
2018-07-28,5,1,4087772.0
2018-07-29,6,1,3725106.0
2018-07-30,0,1,4425235.0
2018-07-31,1,1,4541990.0
2018-08-01,2,1,4677336.0
2018-08-02,3,1,4806045.0
2018-08-03,4,1,4862956.0
2018-08-04,5,1,4323414.0
2018-08-05,6,1,4005784.0
2018-08-06,0,1,4708957.0
2018-08-07,1,1,4722761.0
2018-08-08,2,1,4605750.0
2018-08-09,3,1,4459055.0
2018-08-10,4,1,4312624.0
2018-08-11,5,1,3996815.0
2018-08-12,6,1,3760798.0
2018-08-13,0,1,4226402.0
2018-08-14,1,1,4201811.0
2018-08-15,2,0,3757729.0
2018-08-16,3,1,4122195.0
2018-08-17,4,1,4038851.0
2018-08-18,5,1,3687930.0
2018-08-19,6,1,3511361.0
2018-08-20,0,1,4185655.0
2018-08-21,1,1,4355444.0
2018-08-22,2,1,4415560.0
2018-08-23,3,1,4408423.0
2018-08-24,4,1,4364284.0
2018-08-25,5,1,3910373.0
2018-08-26,6,1,3619041.0
2018-08-27,0,1,4441147.0
2018-08-28,1,1,4590327.0
2018-08-29,2,1,4564931.0
2018-08-30,3,1,4552374.0
2018-08-31,4,1,4496882.0
2018-09-01,5,1,4042189.0
2018-09-02,6,1,3801777.0
2018-09-03,0,1,4483448.0
2018-09-04,1,1,4530042.0
2018-09-05,2,1,4483694.0
2018-09-06,3,1,4382857.0
2018-09-07,4,1,4310498.0
2018-09-08,5,1,3784078.0
2018-09-09,6,1,3492310.0
2018-09-10,0,1,4093808.0
2018-09-11,1,1,4148080.0
2018-09-12,2,1,4410133.0
2018-09-13,3,1,4444738.0
2018-09-14,4,1,4410999.0
2018-09-15,5,1,3853940.0
2018-09-16,6,1,3566727.0
2018-09-17,0,1,4305592.0
2018-09-18,1,1,4398991.0
2018-09-19,2,1,4440059.0
2018-09-20,3,1,4472970.0
2018-09-21,4,1,4450516.0
2018-09-22,5,1,3985753.0
2018-09-23,6,1,3699191.0
2018-09-24,0,1,4379119.0
2018-09-25,1,1,4427776.0
2018-09-26,2,1,4387035.0
2018-09-27,3,1,4331671.0
2018-09-28,4,1,4282442.0
2018-09-29,5,1,3790199.0
2018-09-30,6,1,3483406.0
2018-10-01,0,1,4116631.0
2018-10-02,1,1,4169606.0
2018-10-03,2,1,4193972.0
2018-10-04,3,1,4206039.0
2018-10-05,4,1,4150969.0
2018-10-06,5,1,3709323.0
2018-10-07,6,1,3412442.0
2018-10-08,0,1,3977284.0
2018-10-09,1,1,4019901.0
2018-10-10,2,1,4094662.0
2018-10-11,3,1,4078110.0
2018-10-12,4,0,3517896.0
2018-10-13,5,1,3536143.0
2018-10-14,6,1,3368173.0
2018-10-15,0,1,3958956.0
2018-10-16,1,1,4082572.0
2018-10-17,2,1,4124165.0
2018-10-18,3,1,4120924.0
2018-10-19,4,1,4081112.0
2018-10-20,5,1,3624965.0
2018-10-21,6,1,3362137.0
2018-10-22,0,1,3989612.0
2018-10-23,1,1,4081164.0
2018-10-24,2,1,4073665.0
2018-10-25,3,1,4075437.0
2018-10-26,4,1,4081782.0
2018-10-27,5,1,3670981.0
2018-10-28,6,1,3606327.0
2018-10-29,0,1,4275674.0
2018-10-30,1,1,4438017.0
2018-10-31,2,1,4397952.0
2018-11-01,3,0,3723884.0
2018-11-02,4,1,3962606.0
2018-11-03,5,1,3750772.0
2018-11-04,6,1,3560365.0
2018-11-05,0,1,4290539.0
2018-11-06,1,1,4415231.0
2018-11-07,2,1,4422690.0
2018-11-08,3,1,4431203.0
2018-11-09,4,1,4356531.0
2018-11-10,5,1,3904621.0
2018-11-11,6,1,3589286.0
2018-11-12,0,1,4263791.0
2018-11-13,1,1,4312048.0
2018-11-14,2,1,4305991.0
2018-11-15,3,1,4302337.0
2018-11-16,4,1,4261133.0
2018-11-17,5,1,3795559.0
2018-11-18,6,1,3590524.0
2018-11-19,0,1,4286362.0
2018-11-20,1,1,4443613.0
2018-11-21,2,1,4467163.0
2018-11-22,3,1,4490570.0
2018-11-23,4,1,4461064.0
2018-11-24,5,1,3998870.0
2018-11-25,6,1,3765224.0
2018-11-26,0,1,4453534.0
2018-11-27,1,1,4545796.0
2018-11-28,2,1,4559887.0
2018-11-29,3,1,4578318.0
2018-11-30,4,1,4509129.0
2018-12-01,5,1,4033349.0
2018-12-02,6,1,3747070.0
2018-12-03,0,1,4383703.0
2018-12-04,1,1,4431741.0
2018-12-05,2,1,4396521.0
2018-12-06,3,0,3853917.0
2018-12-07,4,1,4024696.0
2018-12-08,5,0,3763145.0
2018-12-09,6,1,3658034.0
2018-12-10,0,1,4386922.0
2018-12-11,1,1,4531938.0
2018-12-12,2,1,4581465.0
2018-12-13,3,1,4645053.0
2018-12-14,4,1,4579671.0
2018-12-15,5,1,4102046.0
2018-12-16,6,1,3859403.0
2018-12-17,0,1,4575483.0
2018-12-18,1,1,4722553.0
2018-12-19,2,1,4630763.0
2018-12-20,3,1,4568502.0
2018-12-21,4,1,4405469.0
2018-12-22,5,1,3909852.0
2018-12-23,6,1,3668856.0
2018-12-24,0,1,3672049.0
2018-12-25,1,0,3215768.0
2018-12-26,2,1,3818073.0
2018-12-27,3,1,4107085.0
2018-12-28,4,1,4121884.0
2018-12-29,5,1,3835129.0
2018-12-30,6,1,3636728.0
2018-12-31,0,1,3730835.0
2019-01-01,1,0,3324476.0
2019-01-02,2,1,4237206.0
2019-01-03,3,1,4501745.0
2019-01-04,4,1,4531560.0
2019-01-05,5,1,4102440.0
2019-01-06,6,0,3771411.0
2019-01-07,0,1,4365051.0
2019-01-08,1,1,4831293.0
2019-01-09,2,1,4842258.0
2019-01-10,3,1,4899723.0
2019-01-11,4,1,4956196.0
2019-01-12,5,1,4411394.0
2019-01-13,6,1,4126500.0
2019-01-14,0,1,4780555.0
2019-01-15,1,1,4835153.0
2019-01-16,2,1,4853460.0
2019-01-17,3,1,4868526.0
2019-01-18,4,1,4863887.0
2019-01-19,5,1,4389991.0
2019-01-20,6,1,4039985.0
2019-01-21,0,1,4761533.0
2019-01-22,1,1,4963874.0
2019-01-23,2,1,4907550.0
2019-01-24,3,1,4804591.0
2019-01-25,4,1,4671549.0
2019-01-26,5,1,4134328.0
2019-01-27,6,1,3887427.0
2019-01-28,0,1,4634266.0
2019-01-29,1,1,4747473.0
2019-01-30,2,1,4742852.0
2019-01-31,3,1,4711100.0
2019-02-01,4,1,4645823.0
2019-02-02,5,1,4246028.0
2019-02-03,6,1,3991225.0
2019-02-04,0,1,4741973.0
2019-02-05,1,1,4730861.0
2019-02-06,2,1,4643259.0
2019-02-07,3,1,4599388.0
2019-02-08,4,1,4545138.0
2019-02-09,5,1,4089851.0
2019-02-10,6,1,3835892.0
2019-02-11,0,1,4451952.0
2019-02-12,1,1,4565267.0
2019-02-13,2,1,4535495.0
2019-02-14,3,1,4514143.0
2019-02-15,4,1,4488093.0
2019-02-16,5,1,4004981.0
2019-02-17,6,1,3729716.0
2019-02-18,0,1,4441134.0
2019-02-19,1,1,4502848.0
2019-02-20,2,1,4471318.0
2019-02-21,3,1,4474464.0
2019-02-22,4,1,4381401.0
2019-02-23,5,1,3911968.0
2019-02-24,6,1,3612081.0
2019-02-25,0,1,4274830.0
2019-02-26,1,1,4329681.0
2019-02-27,2,1,4317108.0
2019-02-28,3,1,4218980.0
2019-03-01,4,1,4261822.0
2019-03-02,5,1,3828336.0
2019-03-03,6,1,3536857.0
2019-03-04,0,1,4160544.0
2019-03-05,1,1,4267653.0
2019-03-06,2,1,4384534.0
2019-03-07,3,1,4327592.0
2019-03-08,4,1,4255649.0
2019-03-09,5,1,3800309.0
2019-03-10,6,1,3487405.0
2019-03-11,0,1,4111568.0
2019-03-12,1,1,4223184.0
2019-03-13,2,1,4285304.0
2019-03-14,3,1,4276323.0
2019-03-15,4,1,4196071.0
2019-03-16,5,1,3744065.0
2019-03-17,6,1,3481408.0
2019-03-18,0,1,4030233.0
2019-03-19,1,1,4002429.0
2019-03-20,2,1,4278210.0
2019-03-21,3,1,4304944.0
2019-03-22,4,1,4257422.0
2019-03-23,5,1,3797925.0
2019-03-24,6,1,3478055.0
2019-03-25,0,1,4076903.0
2019-03-26,1,1,4174418.0
2019-03-27,2,1,4181432.0
2019-03-28,3,1,4180564.0
2019-03-29,4,1,4168193.0
2019-03-30,5,1,3749410.0
2019-03-31,6,1,3386791.0
2019-04-01,0,1,4159669.0
2019-04-02,1,1,4232110.0
2019-04-03,2,1,4244477.0
2019-04-04,3,1,4264665.0
2019-04-05,4,1,4334100.0
2019-04-06,5,1,3878907.0
2019-04-07,6,1,3620613.0
2019-04-08,0,1,4257953.0
2019-04-09,1,1,4339913.0
2019-04-10,2,1,4326728.0
2019-04-11,3,1,4300968.0
2019-04-12,4,1,4200875.0
2019-04-13,5,1,3735230.0
2019-04-14,6,1,3439839.0
2019-04-15,0,1,4017382.0
2019-04-16,1,1,4052291.0
2019-04-17,2,1,4017509.0
2019-04-18,3,0,3582305.0
2019-04-19,4,0,3297799.0
2019-04-20,5,1,3371818.0
2019-04-21,6,1,3253017.0
2019-04-22,0,1,3527569.0
2019-04-23,1,1,3897353.0
2019-04-24,2,1,4167266.0
2019-04-25,3,1,4168643.0
2019-04-26,4,1,4070964.0
2019-04-27,5,1,3597705.0
2019-04-28,6,1,3232199.0
2019-04-29,0,1,3837021.0
2019-04-30,1,1,3928844.0
2019-05-01,2,0,3309140.0
2019-05-02,3,1,3803344.0
2019-05-03,4,1,3942295.0
2019-05-04,5,1,3595429.0
2019-05-05,6,1,3322329.0
2019-05-06,0,1,3927487.0
2019-05-07,1,1,4055615.0
2019-05-08,2,1,4101436.0
2019-05-09,3,1,4094017.0
2019-05-10,4,1,4052595.0
2019-05-11,5,1,3620327.0
2019-05-12,6,1,3309971.0
2019-05-13,0,1,3921232.0
2019-05-14,1,1,4065971.0
2019-05-15,2,1,4055602.0
2019-05-16,3,1,4100480.0
2019-05-17,4,1,4001563.0
2019-05-18,5,1,3569415.0
2019-05-19,6,1,3307189.0
2019-05-20,0,1,3918459.0
2019-05-21,1,1,4033623.0
2019-05-22,2,1,4079573.0
2019-05-23,3,1,4076157.0
2019-05-24,4,1,4044526.0
2019-05-25,5,1,3602694.0
2019-05-26,6,1,3283446.0
2019-05-27,0,1,3962785.0
2019-05-28,1,1,4091259.0
2019-05-29,2,1,4082714.0
2019-05-30,3,1,4058732.0
2019-05-31,4,1,4071043.0
2019-06-01,5,1,3714712.0
2019-06-02,6,1,3439619.0
2019-06-03,0,1,4119203.0
2019-06-04,1,1,4221958.0
2019-06-05,2,1,4132133.0
2019-06-06,3,1,4078360.0
2019-06-07,4,1,4060998.0
2019-06-08,5,1,3656880.0
2019-06-09,6,1,3365234.0
2019-06-10,0,1,3907928.0
2019-06-11,1,1,4041877.0
2019-06-12,2,1,4082584.0
2019-06-13,3,1,4106572.0
2019-06-14,4,1,4084595.0
2019-06-15,5,1,3675219.0
2019-06-16,6,1,3390845.0
2019-06-17,0,1,4039427.0
2019-06-18,1,1,4176766.0
2019-06-19,2,1,4208290.0
2019-06-20,3,1,4153279.0
2019-06-21,4,1,4130741.0
2019-06-22,5,1,3789746.0
2019-06-23,6,1,3513182.0
2019-06-24,0,1,3874675.0
2019-06-25,1,1,4347195.0
2019-06-26,2,1,4507293.0
2019-06-27,3,1,4600595.0
2019-06-28,4,1,4664563.0
2019-06-29,5,1,4259485.0
2019-06-30,6,1,3940393.0
2019-07-01,0,1,4547494.0
2019-07-02,1,1,4610815.0
2019-07-03,2,1,4603979.0
2019-07-04,3,1,4595058.0
2019-07-05,4,1,4595526.0
2019-07-06,5,1,4157394.0
2019-07-07,6,1,3835140.0
2019-07-08,0,1,4407424.0
2019-07-09,1,1,4376509.0
2019-07-10,2,1,4461876.0
2019-07-11,3,1,4651645.0
2019-07-12,4,1,4698424.0
2019-07-13,5,1,4172488.0
2019-07-14,6,1,3752555.0
2019-07-15,0,1,4499102.0
2019-07-16,1,1,4583596.0
2019-07-17,2,1,4527327.0
2019-07-18,3,1,4561839.0
2019-07-19,4,1,4632496.0
2019-07-20,5,1,4212484.0
2019-07-21,6,1,3903437.0
2019-07-22,0,1,4729883.0
2019-07-23,1,1,4872557.0
2019-07-24,2,1,4877662.0
2019-07-25,3,1,4732486.0
2019-07-26,4,1,4574046.0
2019-07-27,5,1,3950519.0
2019-07-28,6,1,3581986.0
2019-07-29,0,1,4294760.0
2019-07-30,1,1,4373547.0
2019-07-31,2,1,4306898.0
2019-08-01,3,1,4452375.0
2019-08-02,4,1,4426552.0
2019-08-03,5,1,3979167.0
2019-08-04,6,1,3718244.0
2019-08-05,0,1,4359526.0
2019-08-06,1,1,4480190.0
2019-08-07,2,1,4430402.0
2019-08-08,3,1,4510535.0
2019-08-09,4,1,4516736.0
2019-08-10,5,1,4050108.0
2019-08-11,6,1,3660111.0
2019-08-12,0,1,4006177.0
2019-08-13,1,1,4014902.0
2019-08-14,2,1,4078278.0
2019-08-15,3,0,3727652.0
2019-08-16,4,1,4044195.0
2019-08-17,5,1,3896404.0
2019-08-18,6,1,3672662.0
2019-08-19,0,1,4212771.0
2019-08-20,1,1,4203752.0
2019-08-21,2,1,4186016.0
2019-08-22,3,1,4222592.0
2019-08-23,4,1,4219218.0
2019-08-24,5,1,3869212.0
2019-08-25,6,1,3612023.0
2019-08-26,0,1,4256874.0
2019-08-27,1,1,4248513.0
2019-08-28,2,1,4306651.0
2019-08-29,3,1,4402854.0
2019-08-30,4,1,4445148.0
2019-08-31,5,1,3974108.0
2019-09-01,6,1,3685594.0
2019-09-02,0,1,4339370.0
2019-09-03,1,1,4524158.0
2019-09-04,2,1,4557663.0
2019-09-05,3,1,4425378.0
2019-09-06,4,1,4265955.0
2019-09-07,5,1,3799652.0
2019-09-08,6,1,3511195.0
2019-09-09,0,1,4103016.0
2019-09-10,1,1,4120845.0
2019-09-11,2,1,3939691.0
2019-09-12,3,1,4061652.0
2019-09-13,4,1,3998021.0
2019-09-14,5,1,3598864.0
2019-09-15,6,1,3385806.0
2019-09-16,0,1,4079794.0
2019-09-17,1,1,4211709.0
2019-09-18,2,1,4220876.0
2019-09-19,3,1,4238035.0
2019-09-20,4,1,4185951.0
2019-09-21,5,1,3713319.0
2019-09-22,6,1,3400750.0
2019-09-23,0,1,3980747.0
2019-09-24,1,1,4119686.0
2019-09-25,2,1,4186733.0
2019-09-26,3,1,4194822.0
2019-09-27,4,1,4171596.0
2019-09-28,5,1,3690937.0
2019-09-29,6,1,3383973.0
2019-09-30,0,1,4051412.0
2019-10-01,1,1,4199695.0
2019-10-02,2,1,4148403.0
2019-10-03,3,1,4082607.0
2019-10-04,4,1,4074922.0
2019-10-05,5,1,3650131.0
2019-10-06,6,1,3366565.0
2019-10-07,0,1,4009651.0
2019-10-08,1,1,4141885.0
2019-10-09,2,1,4048271.0
2019-10-10,3,1,4103843.0
2019-10-11,4,1,4052406.0
2019-10-12,5,0,3511314.0
2019-10-13,6,1,3340119.0
2019-10-14,0,1,3997151.0
2019-10-15,1,1,3998955.0
2019-10-16,2,1,4033133.0
2019-10-17,3,1,4052362.0
2019-10-18,4,1,3976228.0
2019-10-19,5,1,3604147.0
2019-10-20,6,1,3324964.0
2019-10-21,0,1,3945462.0
2019-10-22,1,1,4118041.0
2019-10-23,2,1,4150826.0
2019-10-24,3,1,4127747.0
2019-10-25,4,1,4082041.0
2019-10-26,5,1,3606508.0
2019-10-27,6,1,3476350.0
2019-10-28,0,1,3981354.0
2019-10-29,1,1,4083703.0
2019-10-30,2,1,4077953.0
2019-10-31,3,1,4013480.0
2019-11-01,4,0,3466559.0
2019-11-02,5,1,3449776.0
2019-11-03,6,1,3309287.0
2019-11-04,0,1,3997167.0
2019-11-05,1,1,4124322.0
2019-11-06,2,1,4141386.0
2019-11-07,3,1,4219676.0
2019-11-08,4,1,4274398.0
2019-11-09,5,1,3837233.0
2019-11-10,6,1,3560206.0
2019-11-11,0,1,4325957.0
2019-11-12,1,1,4397309.0
2019-11-13,2,1,4416798.0
2019-11-14,3,1,4508264.0
2019-11-15,4,1,4510960.0
2019-11-16,5,1,4042942.0
2019-11-17,6,1,3814482.0
2019-11-18,0,1,4468624.0
2019-11-19,1,1,4629077.0
2019-11-20,2,1,4669162.0
2019-11-21,3,1,4660302.0
2019-11-22,4,1,4627113.0
2019-11-23,5,1,3986545.0
2019-11-24,6,1,3710464.0
2019-11-25,0,1,4391276.0
2019-11-26,1,1,4455672.0
2019-11-27,2,1,4387989.0
2019-11-28,3,1,4395512.0
2019-11-29,4,1,4319513.0
2019-11-30,5,1,3840565.0
2019-12-01,6,1,3648848.0
2019-12-02,0,1,4336796.0
2019-12-03,1,1,4474344.0
2019-12-04,2,1,4535629.0
2019-12-05,3,1,4485744.0
2019-12-06,4,0,3915251.0
2019-12-07,5,1,3833471.0
2019-12-08,6,0,3675284.0
2019-12-09,0,1,4127761.0
2019-12-10,1,1,4474279.0
2019-12-11,2,1,4553580.0
2019-12-12,3,1,4640012.0
2019-12-13,4,1,4486280.0
2019-12-14,5,1,3958723.0
2019-12-15,6,1,3734995.0
2019-12-16,0,1,4415001.0
2019-12-17,1,1,4492270.0
2019-12-18,2,1,4496653.0
2019-12-19,3,1,4492205.0
2019-12-20,4,1,4245437.0
2019-12-21,5,1,3731300.0
2019-12-22,6,1,3464450.0
2019-12-23,0,1,3784935.0
2019-12-24,1,1,3462050.0
2019-12-25,2,0,3008804.0
2019-12-26,3,1,3512403.0
2019-12-27,4,1,3794517.0
2019-12-28,5,1,3631441.0
2019-12-29,6,1,3470941.0
2019-12-30,0,1,3882176.0
2019-12-31,1,1,3714012.0
2020-01-01,2,0,3276601.0
2020-01-02,3,1,4104515.0
2020-01-03,4,1,4277206.0
2020-01-04,5,1,3938012.0
2020-01-05,6,1,3719952.0
2020-01-06,0,0,3604841.0
2020-01-07,1,1,4508396.0
2020-01-08,2,1,4683000.0
2020-01-09,3,1,4711597.0
2020-01-10,4,1,4684693.0
2020-01-11,5,1,4210343.0
2020-01-12,6,1,3988401.0
2020-01-13,0,1,4778074.0
2020-01-14,1,1,4828427.0
2020-01-15,2,1,4765776.0
2020-01-16,3,1,4711909.0
2020-01-17,4,1,4636272.0
2020-01-18,5,1,4159440.0
2020-01-19,6,1,3920928.0
2020-01-20,0,1,4834051.0
2020-01-21,1,1,4963903.0
2020-01-22,2,1,4847442.0
2020-01-23,3,1,4765863.0
2020-01-24,4,1,4703356.0
2020-01-25,5,1,4183791.0
2020-01-26,6,1,3849541.0
2020-01-27,0,1,4605611.0
2020-01-28,1,1,4613713.0
2020-01-29,2,1,4534087.0
2020-01-30,3,1,4455150.0
2020-01-31,4,1,4380423.0
2020-02-01,5,1,3882229.0
2020-02-02,6,1,3577059.0
2020-02-03,0,1,4166561.0
2020-02-04,1,1,4262291.0
2020-02-05,2,1,4318541.0
2020-02-06,3,1,4383721.0
2020-02-07,4,1,4408873.0
2020-02-08,5,1,3978106.0
2020-02-09,6,1,3700978.0
2020-02-10,0,1,4288790.0
2020-02-11,1,1,4355881.0
2020-02-12,2,1,4380645.0
2020-02-13,3,1,4344330.0
2020-02-14,4,1,4318533.0
2020-02-15,5,1,3857441.0
2020-02-16,6,1,3581788.0
2020-02-17,0,1,4216760.0
2020-02-18,1,1,4364223.0
2020-02-19,2,1,4363724.0
2020-02-20,3,1,4355420.0
2020-02-21,4,1,4289371.0
2020-02-22,5,1,3827234.0
2020-02-23,6,1,3520687.0
2020-02-24,0,1,4172590.0
2020-02-25,1,1,4241060.0
2020-02-26,2,1,4289822.0
2020-02-27,3,1,4278312.0
2020-02-28,4,1,4153019.0
2020-02-29,5,1,3827444.0
2020-03-01,6,1,3562140.0
2020-03-02,0,1,4213000.0
2020-03-03,1,1,4379982.0
2020-03-04,2,1,4317784.0
2020-03-05,3,1,4299917.0
2020-03-06,4,1,4318705.0
2020-03-07,5,1,3888091.0
2020-03-08,6,1,3592040.0
2020-03-09,0,1,4206873.0
2020-03-10,1,1,4240455.0
2020-03-11,2,1,4251344.0
2020-03-12,3,1,4208304.0
2020-03-13,4,1,4152172.0
2020-03-14,5,1,3660016.0
2020-03-15,6,1,3400008.0
2020-03-16,0,1,3991555.0
2020-03-17,1,1,4021214.0
2020-03-18,2,1,3896842.0
2020-03-19,3,1,3633178.0
2020-03-20,4,1,3698447.0
2020-03-21,5,1,3511435.0
2020-03-22,6,1,3324653.0
2020-03-23,0,1,3724209.0
2020-03-24,1,1,3772401.0
2020-03-25,2,1,3782420.0
2020-03-26,3,1,3758970.0
2020-03-27,4,1,3807026.0
2020-03-28,5,1,3445931.0
2020-03-29,6,1,3059609.0
2020-03-30,0,1,3466596.0
2020-03-31,1,1,3488382.0
2020-04-01,2,1,3442820.0
2020-04-02,3,1,3412144.0
2020-04-03,4,1,3333036.0
2020-04-04,5,1,3098446.0
2020-04-05,6,1,2952935.0
2020-04-06,0,1,3244310.0
2020-04-07,1,1,3237906.0
2020-04-08,2,1,3181027.0
2020-04-09,3,0,3039230.0
2020-04-10,4,0,2913670.0
2020-04-11,5,1,2962083.0
2020-04-12,6,1,2859121.0
2020-04-13,0,1,3088038.0
2020-04-14,1,1,3358746.0
2020-04-15,2,1,3448100.0
2020-04-16,3,1,3443742.0
2020-04-17,4,1,3418807.0
2020-04-18,5,1,3160512.0
2020-04-19,6,1,2971719.0
2020-04-20,0,1,3330946.0
2020-04-21,1,1,3459924.0
2020-04-22,2,1,3472413.0
2020-04-23,3,1,3457602.0
2020-04-24,4,1,3425319.0
2020-04-25,5,1,3192658.0
2020-04-26,6,1,2981617.0
2020-04-27,0,1,3371097.0
2020-04-28,1,1,3450344.0
2020-04-29,2,1,3463433.0
2020-04-30,3,1,3386013.0
2020-05-01,4,0,2978149.0
2020-05-02,5,1,3029908.0
2020-05-03,6,1,2941232.0
2020-05-04,0,1,3345138.0
2020-05-05,1,1,3481776.0
2020-05-06,2,1,3516873.0
2020-05-07,3,1,3467614.0
2020-05-08,4,1,3426833.0
2020-05-09,5,1,3122173.0
2020-05-10,6,1,2912461.0
2020-05-11,0,1,3363713.0
2020-05-12,1,1,3551173.0
2020-05-13,2,1,3516323.0
2020-05-14,3,1,3524500.0
2020-05-15,4,1,3446359.0
2020-05-16,5,1,3145530.0
2020-05-17,6,1,2958821.0
2020-05-18,0,1,3399587.0
2020-05-19,1,1,3507051.0
2020-05-20,2,1,3598706.0
2020-05-21,3,1,3633387.0
2020-05-22,4,1,3659520.0
2020-05-23,5,1,3328985.0
2020-05-24,6,1,3118630.0
2020-05-25,0,1,3599872.0
2020-05-26,1,1,3700772.0
2020-05-27,2,1,3729822.0
2020-05-28,3,1,3705162.0
2020-05-29,4,1,3700219.0
2020-05-30,5,1,3357965.0
2020-05-31,6,1,3105231.0
2020-06-01,0,1,3582998.0
2020-06-02,1,1,3745335.0
2020-06-03,2,1,3806278.0
2020-06-04,3,1,3725490.0
2020-06-05,4,1,3660520.0
2020-06-06,5,1,3324754.0
2020-06-07,6,1,3066333.0
2020-06-08,0,1,3550803.0
2020-06-09,1,1,3665611.0
2020-06-10,2,1,3734473.0
2020-06-11,3,1,3728123.0
2020-06-12,4,1,3692225.0
2020-06-13,5,1,3323263.0
2020-06-14,6,1,3081481.0
2020-06-15,0,1,3662145.0
2020-06-16,1,1,3755262.0
2020-06-17,2,1,3759222.0
2020-06-18,3,1,3753524.0
2020-06-19,4,1,3767697.0
2020-06-20,5,1,3490330.0
2020-06-21,6,1,3291709.0
2020-06-22,0,1,3939996.0
2020-06-23,1,1,4079618.0
2020-06-24,2,1,3839978.0
2020-06-25,3,1,4104214.0
2020-06-26,4,1,4024893.0
2020-06-27,5,1,3658070.0
2020-06-28,6,1,3484466.0
2020-06-29,0,1,4166507.0
2020-06-30,1,1,4326407.0
2020-07-01,2,1,4380147.0
2020-07-02,3,1,4384822.0
2020-07-03,4,1,4197914.0
2020-07-04,5,1,3805533.0
2020-07-05,6,1,3594453.0
2020-07-06,0,1,4341451.0
2020-07-07,1,1,4466677.0
2020-07-08,2,1,4491676.0
2020-07-09,3,1,4410916.0
2020-07-10,4,1,4315028.0
2020-07-11,5,1,3925758.0
2020-07-12,6,1,3606250.0
2020-07-13,0,1,4287810.0
2020-07-14,1,1,4317348.0
2020-07-15,2,1,4327967.0
2020-07-16,3,1,4346275.0
2020-07-17,4,1,4310005.0
2020-07-18,5,1,3918003.0
2020-07-19,6,1,3677030.0
2020-07-20,0,1,4386852.0
2020-07-21,1,1,4489243.0
2020-07-22,2,1,4446294.0
2020-07-23,3,1,4505353.0
2020-07-24,4,1,4478002.0
2020-07-25,5,1,3997696.0
2020-07-26,6,1,3779645.0
2020-07-27,0,1,4532088.0
2020-07-28,1,1,4640737.0
2020-07-29,2,1,4649022.0
2020-07-30,3,1,4701222.0
2020-07-31,4,1,4627680.0
2020-08-01,5,1,4179448.0
2020-08-02,6,1,3809513.0
2020-08-03,0,1,4222822.0
2020-08-04,1,1,4263593.0
2020-08-05,2,1,4371528.0
2020-08-06,3,1,4427981.0
2020-08-07,4,1,4422215.0
2020-08-08,5,1,3992575.0
2020-08-09,6,1,3741895.0
2020-08-10,0,1,4189799.0
2020-08-11,1,1,4168820.0
2020-08-12,2,1,4032772.0
2020-08-13,3,1,4066232.0
2020-08-14,4,1,4019878.0
2020-08-15,5,0,3558539.0
2020-08-16,6,1,3330471.0
2020-08-17,0,1,3829444.0
2020-08-18,1,1,4014405.0
2020-08-19,2,1,4123326.0
2020-08-20,3,1,4136240.0
2020-08-21,4,1,4195292.0
2020-08-22,5,1,3822182.0
2020-08-23,6,1,3522822.0
2020-08-24,0,1,4165274.0
2020-08-25,1,1,4400776.0
2020-08-26,2,1,4508774.0
2020-08-27,3,1,4543760.0
2020-08-28,4,1,4372517.0
2020-08-29,5,1,3571613.0
2020-08-30,6,1,3215011.0
2020-08-31,0,1,3864140.0
2020-09-01,1,1,3998114.0
2020-09-02,2,1,4053583.0
2020-09-03,3,1,4115199.0
2020-09-04,4,1,4135209.0
2020-09-05,5,1,3713846.0
2020-09-06,6,1,3419792.0
2020-09-07,0,1,3942129.0
2020-09-08,1,1,3989588.0
2020-09-09,2,1,4101108.0
2020-09-10,3,1,4126725.0
2020-09-11,4,1,3999549.0
2020-09-12,5,1,3725231.0
2020-09-13,6,1,3472226.0
2020-09-14,0,1,4128301.0
2020-09-15,1,1,4250982.0
2020-09-16,2,1,4313938.0
2020-09-17,3,1,4234509.0
2020-09-18,4,1,4079626.0
2020-09-19,5,1,3566160.0
2020-09-20,6,1,3276096.0
2020-09-21,0,1,3902482.0
2020-09-22,1,1,4029451.0
2020-09-23,2,1,4056344.0
2020-09-24,3,1,4052320.0
2020-09-25,4,1,3921346.0
2020-09-26,5,1,3462463.0
2020-09-27,6,1,3199703.0
2020-09-28,0,1,3801916.0
2020-09-29,1,1,3943620.0
2020-09-30,2,1,3966114.0
2020-10-01,3,1,4002749.0
2020-10-02,4,1,3972781.0
2020-10-03,5,1,3473666.0
2020-10-04,6,1,3253263.0
2020-10-05,0,1,3863449.0
2020-10-06,1,1,3966388.0
2020-10-07,2,1,4000694.0
2020-10-08,3,1,4019168.0
2020-10-09,4,1,3892236.0
2020-10-10,5,1,3482237.0
2020-10-11,6,1,3196233.0
2020-10-12,0,0,3251443.0
2020-10-13,1,1,3849616.0
2020-10-14,2,1,4011461.0
2020-10-15,3,1,4034704.0
2020-10-16,4,1,4014289.0
2020-10-17,5,1,3624510.0
2020-10-18,6,1,3330016.0
2020-10-19,0,1,3938277.0
2020-10-20,1,1,4070481.0
2020-10-21,2,1,4034581.0
2020-10-22,3,1,4055912.0
2020-10-23,4,1,3973224.0
2020-10-24,5,1,3543840.0
2020-10-25,6,1,3429216.0
2020-10-26,0,1,3924356.0
2020-10-27,1,1,4063186.0
2020-10-28,2,1,4097409.0
2020-10-29,3,1,4104081.0
2020-10-30,4,1,4043686.0
2020-10-31,5,1,3589010.0
2020-11-01,6,0,3282437.0
2020-11-02,0,1,3691896.0
2020-11-03,1,1,3996739.0
2020-11-04,2,1,4161388.0
2020-11-05,3,1,4167640.0
2020-11-06,4,1,4049384.0
2020-11-07,5,1,3615072.0
2020-11-08,6,1,3329246.0
2020-11-09,0,1,3940800.0
2020-11-10,1,1,4077698.0
2020-11-11,2,1,4123004.0
2020-11-12,3,1,4124254.0
2020-11-13,4,1,4088136.0
2020-11-14,5,1,3671712.0
2020-11-15,6,1,3337799.0
2020-11-16,0,1,3957901.0
2020-11-17,1,1,4095900.0
2020-11-18,2,1,4123692.0
2020-11-19,3,1,4080145.0
2020-11-20,4,1,4056942.0
2020-11-21,5,1,3695496.0
2020-11-22,6,1,3494218.0
2020-11-23,0,1,4190574.0
2020-11-24,1,1,4360190.0
2020-11-25,2,1,4394530.0
2020-11-26,3,1,4374137.0
2020-11-27,4,1,4333818.0
2020-11-28,5,1,3862450.0
2020-11-29,6,1,3614170.0
2020-11-30,0,1,4268152.0
2020-12-01,1,1,4285907.0
2020-12-02,2,1,4338963.0
2020-12-03,3,1,4467612.0
2020-12-04,4,1,4486421.0
2020-12-05,5,1,4089745.0
2020-12-06,6,0,3809579.0
2020-12-07,0,1,4010187.0
2020-12-08,1,0,3904601.0
2020-12-09,2,1,4554546.0
2020-12-10,3,1,4614584.0
2020-12-11,4,1,4470082.0
2020-12-12,5,1,3877545.0
2020-12-13,6,1,3680238.0
2020-12-14,0,1,4342677.0
2020-12-15,1,1,4391458.0
2020-12-16,2,1,4489695.0
2020-12-17,3,1,4477700.0
2020-12-18,4,1,4449422.0
2020-12-19,5,1,3980017.0
2020-12-20,6,1,3697116.0
2020-12-21,0,1,4287629.0
2020-12-22,1,1,4287052.0
2020-12-23,2,1,4160822.0
2020-12-24,3,1,3665693.0
2020-12-25,4,0,3249486.0
2020-12-26,5,1,3635104.0
2020-12-27,6,1,3687140.0
2020-12-28,0,1,4149036.0
2020-12-29,1,1,4185143.0
2020-12-30,2,1,4189581.0
2020-12-31,3,1,3903641.0
2021-01-01,4,0,3447073.0
2021-01-02,5,1,3867892.0
2021-01-03,6,1,3899502.0
2021-01-04,0,1,4563905.0
2021-01-05,1,1,4647728.0
2021-01-06,2,0,4026231.0
2021-01-07,3,1,4920229.0
2021-01-08,4,1,5024633.0
2021-01-09,5,1,4453040.0
2021-01-10,6,1,4234248.0
2021-01-11,0,1,4894622.0
2021-01-12,1,1,5074207.0
2021-01-13,2,1,5063772.0
2021-01-14,3,1,5038463.0
2021-01-15,4,1,4975157.0
2021-01-16,5,1,4429765.0
2021-01-17,6,1,4114808.0
2021-01-18,0,1,4805672.0
2021-01-19,1,1,4903743.0
2021-01-20,2,1,4905822.0
2021-01-21,3,1,4728292.0
2021-01-22,4,1,4580392.0
2021-01-23,5,1,4126622.0
2021-01-24,6,1,3761795.0
2021-01-25,0,1,4470663.0
2021-01-26,1,1,4438239.0
2021-01-27,2,1,4315221.0
2021-01-28,3,1,4274091.0
2021-01-29,4,1,4182768.0
2021-01-30,5,1,3846008.0
2021-01-31,6,1,3607420.0
2021-02-01,0,1,4184546.0
2021-02-02,1,1,4279406.0
2021-02-03,2,1,4264014.0
2021-02-04,3,1,4253661.0
2021-02-05,4,1,4250486.0
2021-02-06,5,1,3835359.0
2021-02-07,6,1,3629285.0
2021-02-08,0,1,4340134.0
2021-02-09,1,1,4556755.0
2021-02-10,2,1,4424690.0
2021-02-11,3,1,4366385.0
2021-02-12,4,1,4281726.0
2021-02-13,5,1,3810026.0
2021-02-14,6,1,3623200.0
2021-02-15,0,1,4261321.0
2021-02-16,1,1,4321366.0
2021-02-17,2,1,4324616.0
2021-02-18,3,1,4341119.0
2021-02-19,4,1,4299874.0
2021-02-20,5,1,3847234.0
2021-02-21,6,1,3667281.0
2021-02-22,0,1,4262300.0
2021-02-23,1,1,4313169.0
2021-02-24,2,1,4301891.0
2021-02-25,3,1,4284694.0
2021-02-26,4,1,4259867.0
2021-02-27,5,1,3815281.0
2021-02-28,6,1,3553089.0
2021-03-01,0,1,4195412.0
2021-03-02,1,1,4308682.0
2021-03-03,2,1,4287191.0
2021-03-04,3,1,4250276.0
2021-03-05,4,1,4220890.0
2021-03-06,5,1,3762634.0
2021-03-07,6,1,3553986.0
2021-03-08,0,1,4252061.0
2021-03-09,1,1,4360360.0
2021-03-10,2,1,4308790.0
2021-03-11,3,1,4245092.0
2021-03-12,4,1,4177507.0
2021-03-13,5,1,3702634.0
2021-03-14,6,1,3475485.0
2021-03-15,0,1,4137255.0
2021-03-16,1,1,4207937.0
2021-03-17,2,1,4207816.0
2021-03-18,3,1,4254006.0
2021-03-19,4,1,4040517.0
2021-03-20,5,1,3834124.0
2021-03-21,6,1,3606019.0
2021-03-22,0,1,4214942.0
2021-03-23,1,1,4243333.0
2021-03-24,2,1,4199875.0
2021-03-25,3,1,4145479.0
2021-03-26,4,1,4104919.0
2021-03-27,5,1,3704064.0
2021-03-28,6,1,3263315.0
2021-03-29,0,1,3962467.0
2021-03-30,1,1,3984613.0
2021-03-31,2,1,3897772.0
2021-04-01,3,0,3452628.0
2021-04-02,4,0,3174476.0
2021-04-03,5,1,3284395.0
2021-04-04,6,1,3136069.0
2021-04-05,0,1,3433327.0
2021-04-06,1,1,3881951.0
2021-04-07,2,1,4034244.0
2021-04-08,3,1,4066899.0
2021-04-09,4,1,4068442.0
2021-04-10,5,1,3638726.0
2021-04-11,6,1,3365750.0
2021-04-12,0,1,3939768.0
2021-04-13,1,1,4108313.0
2021-04-14,2,1,4085722.0
2021-04-15,3,1,4114432.0
2021-04-16,4,1,4059529.0
2021-04-17,5,1,3640567.0
2021-04-18,6,1,3366207.0
2021-04-19,0,1,3990157.0
2021-04-20,1,1,4064160.0
2021-04-21,2,1,4065017.0
2021-04-22,3,1,4081391.0
2021-04-23,4,1,3912160.0
2021-04-24,5,1,3541937.0
2021-04-25,6,1,3353903.0
2021-04-26,0,1,3945480.0
2021-04-27,1,1,4025484.0
2021-04-28,2,1,3983684.0
2021-04-29,3,1,3979954.0
2021-04-30,4,1,3910932.0
2021-05-01,5,0,3272449.0
2021-05-02,6,1,3163802.0
2021-05-03,0,1,3788651.0
2021-05-04,1,1,3938601.0
2021-05-05,2,1,3946874.0
2021-05-06,3,1,3923710.0
2021-05-07,4,1,3884849.0
2021-05-08,5,1,3479823.0
2021-05-09,6,1,3261671.0
2021-05-10,0,1,3818003.0
2021-05-11,1,1,3917760.0
2021-05-12,2,1,3929406.0
2021-05-13,3,1,3972195.0
2021-05-14,4,1,3918097.0
2021-05-15,5,1,3517270.0
2021-05-16,6,1,3287364.0
2021-05-17,0,1,3814466.0
2021-05-18,1,1,3978550.0
2021-05-19,2,1,4002657.0
2021-05-20,3,1,3984759.0
2021-05-21,4,1,3951885.0
2021-05-22,5,1,3525562.0
2021-05-23,6,1,3253451.0
2021-05-24,0,1,3721277.0
2021-05-25,1,1,3913549.0
2021-05-26,2,1,3963698.0
2021-05-27,3,1,3977013.0
2021-05-28,4,1,3930436.0
2021-05-29,5,1,3572254.0
2021-05-30,6,1,3305060.0
2021-05-31,0,1,3910825.0
2021-06-01,1,1,3991047.0
2021-06-02,2,1,4009366.0
2021-06-03,3,1,3996380.0
2021-06-04,4,1,3959198.0
2021-06-05,5,1,3549493.0
2021-06-06,6,1,3274731.0
2021-06-07,0,1,3946321.0
2021-06-08,1,1,4129303.0
2021-06-09,2,1,4189700.0
2021-06-10,3,1,4238249.0
2021-06-11,4,1,4190215.0
2021-06-12,5,1,3794406.0
2021-06-13,6,1,3527342.0
2021-06-14,0,1,4233168.0
2021-06-15,1,1,4362091.0
2021-06-16,2,1,4321693.0
2021-06-17,3,1,4172883.0
2021-06-18,4,1,4095464.0
2021-06-19,5,1,3679713.0
2021-06-20,6,1,3359215.0
2021-06-21,0,1,3960000.0
2021-06-22,1,1,4053345.0
2021-06-23,2,1,3985061.0
2021-06-24,3,1,3806372.0
2021-06-25,4,1,3960158.0
2021-06-26,5,1,3696809.0
2021-06-27,6,1,3436678.0
2021-06-28,0,1,4015594.0
2021-06-29,1,1,4160278.0
2021-06-30,2,1,4259103.0
2021-07-01,3,1,4266341.0
2021-07-02,4,1,4287637.0
2021-07-03,5,1,3922043.0
2021-07-04,6,1,3682324.0
2021-07-05,0,1,4339060.0
2021-07-06,1,1,4381933.0
2021-07-07,2,1,4239025.0
2021-07-08,3,1,4199339.0
2021-07-09,4,1,4268241.0
2021-07-10,5,1,3967355.0
2021-07-11,6,1,3749883.0
2021-07-12,0,1,4318212.0
2021-07-13,1,1,4228452.0
2021-07-14,2,1,4223391.0
2021-07-15,3,1,4263312.0
2021-07-16,4,1,4319520.0
2021-07-17,5,1,4006112.0
2021-07-18,6,1,3730907.0
2021-07-19,0,1,4395600.0
2021-07-20,1,1,4494578.0
2021-07-21,2,1,4552935.0
2021-07-22,3,1,4613316.0
2021-07-23,4,1,4557726.0
2021-07-24,5,1,4045760.0
2021-07-25,6,1,3679645.0
2021-07-26,0,1,4227132.0
2021-07-27,1,1,4352019.0
2021-07-28,2,1,4411493.0
2021-07-29,3,1,4480862.0
2021-07-30,4,1,4430000.0
2021-07-31,5,1,3884569.0
2021-08-01,6,1,3450744.0
2021-08-02,0,1,3929694.0
2021-08-03,1,1,4064530.0
2021-08-04,2,1,4127860.0
2021-08-05,3,1,4184412.0
2021-08-06,4,1,4152535.0
2021-08-07,5,1,3825636.0
2021-08-08,6,1,3484613.0
2021-08-09,0,1,3907714.0
2021-08-10,1,1,4044532.0
2021-08-11,2,1,4193904.0
2021-08-12,3,1,4311737.0
2021-08-13,4,1,4346661.0
2021-08-14,5,1,4184148.0
2021-08-15,6,0,3932654.0
2021-08-16,0,1,4148274.0
2021-08-17,1,1,4130939.0
2021-08-18,2,1,4108861.0
2021-08-19,3,1,4093057.0
2021-08-20,4,1,4105634.0
2021-08-21,5,1,3853616.0
2021-08-22,6,1,3625018.0
2021-08-23,0,1,4182973.0
2021-08-24,1,1,4251062.0
2021-08-25,2,1,4202427.0
2021-08-26,3,1,4259256.0
2021-08-27,4,1,4278443.0
2021-08-28,5,1,3847839.0
2021-08-29,6,1,3532355.0
2021-08-30,0,1,4099203.0
2021-08-31,1,1,4251297.0
2021-09-01,2,1,4211794.0
2021-09-02,3,1,4167337.0
2021-09-03,4,1,4161298.0
2021-09-04,5,1,3747314.0
2021-09-05,6,1,3537151.0
2021-09-06,0,1,4270790.0
2021-09-07,1,1,4383473.0
2021-09-08,2,1,4290154.0
2021-09-09,3,1,4305924.0
2021-09-10,4,1,4219562.0
2021-09-11,5,1,3765383.0
2021-09-12,6,1,3536138.0
2021-09-13,0,1,4144482.0
2021-09-14,1,1,4236761.0
2021-09-15,2,1,4196190.0
2021-09-16,3,1,4081749.0
2021-09-17,4,1,4039702.0
2021-09-18,5,1,3593557.0
2021-09-19,6,1,3299575.0
2021-09-20,0,1,3883015.0
2021-09-21,1,1,3907799.0
2021-09-22,2,1,3950906.0
2021-09-23,3,1,3957742.0
2021-09-24,4,1,3937213.0
2021-09-25,5,1,3560195.0
2021-09-26,6,1,3276256.0
2021-09-27,0,1,3890141.0
2021-09-28,1,1,4022587.0
2021-09-29,2,1,4025626.0
2021-09-30,3,1,3990377.0
2021-10-01,4,1,3958428.0
2021-10-02,5,1,3526146.0
2021-10-03,6,1,3271490.0
2021-10-04,0,1,3729677.0
2021-10-05,1,1,3867320.0
2021-10-06,2,1,3960105.0
2021-10-07,3,1,3916316.0
2021-10-08,4,1,3888398.0
2021-10-09,5,1,3473562.0
2021-10-10,6,1,3189800.0
2021-10-11,0,1,3473800.0
2021-10-12,1,0,3256978.0
2021-10-13,2,1,3798415.0
2021-10-14,3,1,3846012.0
2021-10-15,4,1,3894454.0
2021-10-16,5,1,3502666.0
2021-10-17,6,1,3262877.0
2021-10-18,0,1,3855180.0
2021-10-19,1,1,3953378.0
2021-10-20,2,1,3949784.0
2021-10-21,3,1,3925412.0
2021-10-22,4,1,3874129.0
2021-10-23,5,1,3477850.0
2021-10-24,6,1,3237831.0
2021-10-25,0,1,3825974.0
2021-10-26,1,1,3949365.0
2021-10-27,2,1,3940233.0
2021-10-28,3,1,3939560.0
2021-10-29,4,1,3961763.0
2021-10-30,5,1,3581140.0
2021-10-31,6,1,3399476.0
2021-11-01,0,0,3277507.0
2021-11-02,1,1,3842469.0
2021-11-03,2,1,3999497.0
2021-11-04,3,1,4043948.0
2021-11-05,4,1,4083045.0
2021-11-06,5,1,3730228.0
2021-11-07,6,1,3518642.0
2021-11-08,0,1,4092355.0
2021-11-09,1,1,4159232.0
2021-11-10,2,1,4223622.0
2021-11-11,3,1,4232425.0
2021-11-12,4,1,4195391.0
2021-11-13,5,1,3723039.0
2021-11-14,6,1,3487202.0
2021-11-15,0,1,4121583.0
2021-11-16,1,1,4269636.0
2021-11-17,2,1,4273644.0
2021-11-18,3,1,4312995.0
2021-11-19,4,1,4304437.0
2021-11-20,5,1,3880894.0
2021-11-21,6,1,3576299.0
2021-11-22,0,1,4254666.0
2021-11-23,1,1,4409690.0
2021-11-24,2,1,4493082.0
2021-11-25,3,1,4488395.0
2021-11-26,4,1,4462132.0
2021-11-27,5,1,4068490.0
2021-11-28,6,1,3882788.0
2021-11-29,0,1,4459168.0
2021-11-30,1,1,4530278.0
2021-12-01,2,1,4555668.0
2021-12-02,3,1,4563375.0
2021-12-03,4,1,4513324.0
2021-12-04,5,1,4050658.0
2021-12-05,6,1,3752042.0
2021-12-06,0,0,3800282.0
2021-12-07,1,1,4038840.0
2021-12-08,2,0,3870485.0
2021-12-09,3,1,4456469.0
2021-12-10,4,1,4430765.0
2021-12-11,5,1,3972995.0
2021-12-12,6,1,3693652.0
2021-12-13,0,1,4348604.0
2021-12-14,1,1,4476194.0
2021-12-15,2,1,4489292.0
2021-12-16,3,1,4508750.0
2021-12-17,4,1,4469338.0
2021-12-18,5,1,4032382.0
2021-12-19,6,1,3754429.0
2021-12-20,0,1,4416693.0
2021-12-21,1,1,4422609.0
2021-12-22,2,1,4340474.0
2021-12-23,3,1,4151490.0
2021-12-24,4,1,3585823.0
2021-12-25,5,0,3088138.0
2021-12-26,6,1,3272059.0
2021-12-27,0,1,3686647.0
2021-12-28,1,1,3729169.0
2021-12-29,2,1,3692921.0
2021-12-30,3,1,3689439.0
2021-12-31,4,1,3442250.0
